,Action,Type,Time(s),Time (GMT+0000),Time (GMT+0200),Video time (s),Video time (hh:mm:ss),Application,Activity,Flows
0,Unlock Ubuntu 64-bit VM ,Left Click,1712649819.812355,08:03:39,10:03:39,14.0,00:00:14,Ubuntu,System,
1,"Select ""user"" profil",ENTER Key,1712649826.260442,08:03:46,10:03:46,20.0,00:00:20,Ubuntu,System,
2,Open Thunderbird app,Left Click,1712649831.876413,08:03:51,10:03:51,26.0,00:00:26,Thunderbird,Email,"[1, 0, 147, 654, 655, 656, 657, 148, 149, 2, 3, 6, 7, 658, 150, 151, 659, 152]"
3,"Open ""Did you just reset your password?"" mail",Left Click,1712649839.956443,08:03:59,10:03:59,34.0,00:00:34,Thunderbird,Email,"[4, 5, 8, 9]"
4,Minimize Thunderbird window,Left Click,1712649849.860535,08:04:09,10:04:09,44.0,00:00:44,Thunderbird,Email,
5,Open Firefox app,Left Click,1712649851.572536,08:04:11,10:04:11,45.0,00:00:45,Firefox,WEB Browsing,"[660, 153, 154, 11, 10, 12, 155, 157, 661, 156, 13, 158, 159, 14, 160, 161, 162, 163, 662, 164, 15, 16, 17, 165, 18, 166, 663, 167, 19, 168, 20, 169, 664, 21, 22, 665, 23, 667, 666, 24, 668, 25, 171, 26, 170, 172, 27, 173, 28, 670, 669, 671, 29, 672, 174, 673, 674]"
6,Click on Firefox url bar,Left Click,1712649856.252532,08:04:16,10:04:16,50.0,00:00:50,Firefox,WEB Browsing,"[30, 31, 675, 175, 176, 676, 32, 177, 178, 677, 33, 34, 678, 679, 680, 35, 681, 36, 682, 179, 683, 37, 684, 685, 180, 38]"
7,"Search ""linkdin""",ENTER Key,1712649863.892612,08:04:23,10:04:23,58.0,00:00:58,Firefox,WEB Browsing,"[41, 181, 182, 183, 42, 184, 686, 43, 687, 185, 186, 688, 44, 45, 46, 187, 47, 689]"
8,"Click on ""Linkedin"" link",Left Click,1712649868.460586,08:04:28,10:04:28,62.0,00:01:02,Firefox,WEB Browsing,"[188, 189, 48, 49, 50, 51, 52, 190, 690, 691, 53, 191, 692, 54, 693, 55, 192, 193, 694, 56, 194, 195, 695, 696, 57, 58, 59, 697, 196, 60, 61, 698, 62, 66, 67, 699, 68, 197, 198, 69, 700, 199, 200, 701, 70, 201, 702, 202, 703, 704, 705, 203, 71, 706, 72, 205, 204]"
9,"Click on ""Sign up"" button",Left Click,1712649873.676631,08:04:33,10:04:33,67.0,00:01:07,Firefox_Linkedin,Social Network,"[73, 74, 75, 707]"
10,"Click on ""E-mail"" field",Left Click,1712649875.652629,08:04:35,10:04:35,69.0,00:01:09,Firefox_Linkedin,Social Network,"[207, 206, 708, 77, 709, 208, 209, 78, 210, 710, 79, 80, 81, 211, 212, 82, 83, 711, 213, 712, 214, 84, 85, 86, 87, 713, 88, 714, 215, 715]"
11,"Click on ""Accept and sign-up"" button",Left Click,1712649907.748895,08:05:07,10:05:07,101.0,00:01:41,Firefox_Linkedin,Social Network,"[216, 89]"
12,"Click on ""Save"" Firefox pop-up button",Left Click,1712649910.47687,08:05:10,10:05:10,104.0,00:01:44,Firefox_Linkedin,Social Network,
13,"Click on ""Name"" field",Left Click,1712649911.788939,08:05:11,10:05:11,105.0,00:01:45,Firefox_Linkedin,Social Network,"[217, 90]"
14,"Click on ""Continue"" button",Left Click,1712649920.757026,08:05:20,10:05:20,114.0,00:01:54,Firefox_Linkedin,Social Network,"[218, 716]"
15,"Click on ""Learn more"" link",Left Click,1712649931.493002,08:05:31,10:05:31,125.0,00:02:05,Firefox_Linkedin,Social Network,"[91, 717, 718]"
16,"Click on ""CAPTCHA is not visible"" link",Left Click,1712649941.173075,08:05:41,10:05:41,135.0,00:02:15,Firefox_Linkedin,Social Network,[219]
17,Miss click,Left Click,1712649949.645162,08:05:49,10:05:49,143.0,00:02:23,Firefox_Linkedin,Social Network,
18,"Close ""CAPTCHA is not visible"" tab",Left Click,1712649950.141111,08:05:50,10:05:50,144.0,00:02:24,Firefox_Linkedin,Social Network,
19,"Click on ""Phone number"" field",Left Click,1712649952.085172,08:05:52,10:05:52,146.0,00:02:26,Firefox_Linkedin,Social Network,"[92, 220]"
20,"Click on ""Send"" button",Left Click,1712649960.757175,08:06:00,10:06:00,154.0,00:02:34,Firefox_Linkedin,Social Network,
21,"Click on ""Security code"" field",Left Click,1712649967.389218,08:06:07,10:06:07,161.0,00:02:41,Firefox_Linkedin,Social Network,"[221, 222, 93, 223, 719]"
22,"Click on ""Send"" button",Left Click,1712650017.149614,08:06:57,10:06:57,211.0,00:03:31,Firefox_Linkedin,Social Network,"[94, 95, 224, 720, 96, 721, 225, 97, 722, 98, 723, 226, 227, 228, 229, 99, 230, 100, 724, 101, 725, 231, 102, 232, 103, 233, 234, 235, 104, 236, 237, 105, 238, 239, 106, 107, 108, 240]"
23,"Click on ""Next"" button",Left Click,1712650037.677727,08:07:17,10:07:17,231.0,00:03:51,Firefox_Linkedin,Social Network,"[726, 241, 242, 243, 244, 727, 728, 245, 246]"
24,"Click on ""Last job held"" field",Left Click,1712650045.197782,08:07:25,10:07:25,239.0,00:03:59,Firefox_Linkedin,Social Network,"[247, 109, 729, 248, 110]"
25,"Select ""Developper"" proposition",Left Click,1712650056.286093,08:07:36,10:07:36,250.0,00:04:10,Firefox_Linkedin,Social Network,
26,"Click on ""Type of employment"" dropdown",Left Click,1712650058.469932,08:07:38,10:07:38,252.0,00:04:12,Firefox_Linkedin,Social Network,
27,"Select ""CDI"" proposition",Left Click,1712650060.925978,08:07:40,10:07:40,255.0,00:04:15,Firefox_Linkedin,Social Network,
28,"Click on ""Last company"" field",Left Click,1712650062.64603,08:07:42,10:07:42,256.0,00:04:16,Firefox_Linkedin,Social Network,
29,"Click on ""Last company"" field",Left Click,1712650073.086036,08:07:53,10:07:53,267.0,00:04:27,Firefox_Linkedin,Social Network,"[249, 111, 250, 112, 730, 251]"
30,Click on webpage,Left Click,1712650090.950171,08:08:10,10:08:10,285.0,00:04:45,Firefox_Linkedin,Social Network,
31,"Click on ""Continue"" button",Left Click,1712650095.638284,08:08:15,10:08:15,289.0,00:04:49,Firefox_Linkedin,Social Network,"[113, 114]"
32,Miss click,Left Click,1712650098.558176,08:08:18,10:08:18,292.0,00:04:52,Firefox_Linkedin,Social Network,"[115, 252, 116, 117, 731]"
33,"Click on ""Code"" field",Left Click,1712650101.17421,08:08:21,10:08:21,295.0,00:04:55,Firefox_Linkedin,Social Network,"[253, 732, 254]"
34,"Click on ""Previous"" Firefox icon",Left Click,1712650105.918322,08:08:25,10:08:25,300.0,00:05:00,Firefox_Linkedin,Social Network,"[733, 734, 118, 255]"
35,Open Thunderbird window,Left Click,1712650110.502371,08:08:30,10:08:30,304.0,00:05:04,Thunderbird,Email,
36,"Open ""Linkedin code"" mail",Left Click,1712650112.158348,08:08:32,10:08:32,306.0,00:05:06,Thunderbird,Email,
37,Open Firefox window,Left Click,1712650116.606341,08:08:36,10:08:36,310.0,00:05:10,Firefox,WEB Browsing,
38,"Click on ""Code"" field",Left Click,1712650117.870342,08:08:37,10:08:37,312.0,00:05:12,Firefox_Linkedin,Social Network,
39,"Click on ""Code"" field",Left Click,1712650118.630349,08:08:38,10:08:38,312.0,00:05:12,Firefox_Linkedin,Social Network,
40,"Click on ""No, I'm not interested in professional opportunities"" proposition",Left Click,1712650128.862472,08:08:48,10:08:48,323.0,00:05:23,Firefox_Linkedin,Social Network,
41,"Click on ""Next"" button",Left Click,1712650129.99045,08:08:49,10:08:49,324.0,00:05:24,Firefox_Linkedin,Social Network,"[119, 735, 256, 736, 39, 737, 40, 257]"
42,"Click on ""Ignore for now"" button",Left Click,1712650147.326575,08:09:07,10:09:07,341.0,00:05:41,Firefox_Linkedin,Social Network,"[738, 739, 120, 121, 258, 740, 122, 741, 742, 743]"
43,"Click on ""Ignore"" button",Left Click,1712650154.582626,08:09:14,10:09:14,348.0,00:05:48,Firefox_Linkedin,Social Network,"[259, 123, 260, 744, 261, 745, 262, 124, 746, 125, 263, 126, 748, 127, 750, 128, 129, 130, 131, 132, 264, 752, 133, 134, 265, 754, 266, 135, 267, 136, 268, 137, 269, 756, 270, 758, 271, 272, 760, 138, 139, 762, 764, 273, 766, 768, 770, 274]"
44,"Click on ""Next"" button",Left Click,1712650157.942705,08:09:17,10:09:17,352.0,00:05:52,Firefox_Linkedin,Social Network,"[772, 774, 776, 778, 275, 276, 140, 277, 780, 143, 142, 141, 144, 145]"
45,Minimize Linkedin messaging dialog box,Left Click,1712650168.358789,08:09:28,10:09:28,362.0,00:06:02,Firefox_Linkedin,Social Network,
46,"Click on ""Update profile"" button",Left Click,1712650172.310801,08:09:32,10:09:32,366.0,00:06:06,Firefox_Linkedin,Social Network,
47,"Close ""Update profile"" dialog box",Left Click,1712650175.870823,08:09:35,10:09:35,370.0,00:06:10,Firefox_Linkedin,Social Network,
48,"Click on ""You"" Linkedin button",Left Click,1712650177.094857,08:09:37,10:09:37,371.0,00:06:11,Firefox_Linkedin,Social Network,
49,"Click on ""View profile"" button",Left Click,1712650181.094968,08:09:41,10:09:41,375.0,00:06:15,Firefox_Linkedin,Social Network,
50,"Click on ""Edit"" Resume icon",Left Click,1712650188.606912,08:09:48,10:09:48,382.0,00:06:22,Firefox_Linkedin,Social Network,
51,"Click on ""Job"" dropdown",Left Click,1712650202.167024,08:10:02,10:10:02,396.0,00:06:36,Firefox_Linkedin,Social Network,
52,"Click on ""Job"" dropdown",Left Click,1712650203.799055,08:10:03,10:10:03,397.0,00:06:37,Firefox_Linkedin,Social Network,
53,"Close ""Edit"" Resume dialog box",Left Click,1712650207.095159,08:10:07,10:10:07,401.0,00:06:41,Firefox_Linkedin,Social Network,[783]
54,"Click on ""Edit"" Experience icon",Left Click,1712650212.359125,08:10:12,10:10:12,406.0,00:06:46,Firefox_Linkedin,Social Network,
55,"Click on ""Edit"" developer experience icon",Left Click,1712650214.69514,08:10:14,10:10:14,408.0,00:06:48,Firefox_Linkedin,Social Network,
56,"Click on ""Company name"" field",Left Click,1712650219.351157,08:10:19,10:10:19,413.0,00:06:53,Firefox_Linkedin,Social Network,"[278, 279, 786, 789]"
57,"Click on ""Company name"" field",Left Click,1712650226.783221,08:10:26,10:10:26,420.0,00:07:00,Firefox_Linkedin,Social Network,
58,"Click on ""Company name"" field",Left Click,1712650233.799307,08:10:33,10:10:33,427.0,00:07:07,Firefox_Linkedin,Social Network,
59,"Click on ""Save"" edit experience dialog box",Left Click,1712650239.575356,08:10:39,10:10:39,433.0,00:07:13,Firefox_Linkedin,Social Network,
60,"Click on ""Month"" dropdown",Left Click,1712650244.327396,08:10:44,10:10:44,438.0,00:07:18,Firefox_Linkedin,Social Network,[146]
61,"Select ""February"" proposition",Left Click,1712650246.831409,08:10:46,10:10:46,441.0,00:07:21,Firefox_Linkedin,Social Network,
62,"Click on ""Year"" dropdown",Left Click,1712650248.151418,08:10:48,10:10:48,442.0,00:07:22,Firefox_Linkedin,Social Network,[402]
63,"Select ""2022"" proposition",Left Click,1712650251.967506,08:10:51,10:10:51,446.0,00:07:26,Firefox_Linkedin,Social Network,
64,"Click on ""Sector"" field",Left Click,1712650255.47951,08:10:55,10:10:55,449.0,00:07:29,Firefox_Linkedin,Social Network,
65,"Select ""IT services and consulting"" proposition",Left Click,1712650261.431544,08:11:01,10:11:01,455.0,00:07:35,Firefox_Linkedin,Social Network,
66,"Click on ""Save"" button",Left Click,1712650263.935549,08:11:03,10:11:03,458.0,00:07:38,Firefox_Linkedin,Social Network,
67,"Click on ""pass"" button",Left Click,1712650270.367642,08:11:10,10:11:10,464.0,00:07:44,Firefox_Linkedin,Social Network,
68,Close Linkedin dialog box,Left Click,1712650273.85564,08:11:13,10:11:13,468.0,00:07:48,Firefox_Linkedin,Social Network,
69,"Click on ""Back"" Linkedin icon",Left Click,1712650275.471681,08:11:15,10:11:15,469.0,00:07:49,Firefox_Linkedin,Social Network,[280]
70,Click on Linkedin search bar,Left Click,1712650287.83176,08:11:27,10:11:27,482.0,00:08:02,Firefox_Linkedin,Social Network,"[281, 792, 403, 795]"
71,"Click on ""david brosset"" proposition",Left Click,1712650295.199881,08:11:35,10:11:35,489.0,00:08:09,Firefox_Linkedin,Social Network,[798]
72,Close Linkedin pop-up,Left Click,1712650302.567885,08:11:42,10:11:42,496.0,00:08:16,Firefox_Linkedin,Social Network,
73,"Click on ""Connect"" button",Left Click,1712650306.02392,08:11:46,10:11:46,500.0,00:08:20,Firefox_Linkedin,Social Network,
74,"Click on ""Send without note"" button",Left Click,1712650309.599952,08:11:49,10:11:49,503.0,00:08:23,Firefox_Linkedin,Social Network,
75,"Click on ""David Brosset"" profil",Left Click,1712650314.952086,08:11:54,10:11:54,509.0,00:08:29,Firefox_Linkedin,Social Network,[282]
76,"Click on ""Open a new tab"" Firefox icon",Left Click,1712650327.784167,08:12:07,10:12:07,521.0,00:08:41,Firefox,WEB Browsing,"[283, 404, 285]"
77,Click on Firefox url bar,Left Click,1712650328.616131,08:12:08,10:12:08,522.0,00:08:42,Firefox,WEB Browsing,"[406, 405, 407, 286, 801, 408, 287, 409, 288]"
78,Go to Facebook website,ENTER Key,1712650331.224206,08:12:11,10:12:11,525.0,00:08:45,Firefox,WEB Browsing,"[410, 289, 411, 290, 804, 291, 292, 807, 413, 412, 810, 414, 813, 415, 293, 294, 816, 416, 295, 417, 819, 296, 418, 297, 298, 419, 821, 299, 422, 421, 300, 301, 302, 423, 303, 304, 824, 827, 424, 830, 305]"
79,"Click on ""Log In"" button",Left Click,1712650335.784182,08:12:15,10:12:15,529.0,00:08:49,Firefox_Facebook,Social Network,
80,"Click on ""Open a new tab"" Firefox icon",Left Click,1712650340.336228,08:12:20,10:12:20,534.0,00:08:54,Firefox_Facebook,Social Network,"[306, 425, 833]"
81,Click on Firefox url bar,Left Click,1712650341.944233,08:12:21,10:12:21,536.0,00:08:56,Firefox,WEB Browsing,"[426, 427, 428, 836, 307, 429, 430, 308, 432, 431, 309, 839, 842, 310, 433, 434, 845, 848, 851, 311, 312, 313, 436, 435, 437, 438, 439, 854, 314, 440, 857, 860, 863, 866, 315, 316, 869, 471, 472]"
82,"Search ""start wars"" on Google",ENTER Key,1712650346.712334,08:12:26,10:12:26,540.0,00:09:00,Firefox,WEB Browsing,"[473, 317, 474, 318, 319, 872, 475, 320, 875, 321, 878, 476, 881, 322, 323, 477, 884, 887, 890, 478, 479, 324]"
83,"Click on ""Images"" button",Left Click,1712650348.776298,08:12:28,10:12:28,542.0,00:09:02,Firefox,WEB Browsing,"[893, 896, 326, 325, 480, 899, 902, 327, 481, 905, 328, 329, 482, 908, 330, 331, 483, 913, 911, 915, 332]"
84,"Click on ""Google search"" field",Left Click,1712650357.272379,08:12:37,10:12:37,551.0,00:09:11,Firefox,WEB Browsing,
85,"Search ""star wars jaba"" on Google",ENTER Key,1712650358.77645,08:12:38,10:12:38,552.0,00:09:12,Firefox,WEB Browsing,
86,"Double-click on ""jaba"" string in ""Google search"" field (1)",Left Click,1712650363.976473,08:12:43,10:12:43,558.0,00:09:18,Firefox,WEB Browsing,
87,"Double-click on ""jaba"" string in ""Google search"" field (2)",Left Click,1712650364.144486,08:12:44,10:12:44,558.0,00:09:18,Firefox,WEB Browsing,
88,"Click on ""star wars jar jar binks"" proposition",Left Click,1712650367.736592,08:12:47,10:12:47,561.0,00:09:21,Firefox,WEB Browsing,
89,"Click on ""Jar Jar Binks"" picture",Left Click,1712650379.640646,08:12:59,10:12:59,573.0,00:09:33,Firefox,WEB Browsing,"[333, 484, 485, 486, 917, 916, 487]"
90,"Open context menu of ""Jar Jar Binks"" picture",Right Click,1712650382.600647,08:13:02,10:13:02,576.0,00:09:36,Firefox,WEB Browsing,[918]
91,"Click on ""Open Image in New Tab"" proposition",Left Click,1712650393.680781,08:13:13,10:13:13,587.0,00:09:47,Firefox,WEB Browsing,"[919, 334]"
92,"Move to ""Jar Jar Binks"" picture tab",Left Click,1712650395.016707,08:13:15,10:13:15,589.0,00:09:49,Firefox,WEB Browsing,
93,"Open context menu of ""Jar Jar Binks"" picture",Right Click,1712650396.480726,08:13:16,10:13:16,590.0,00:09:50,Firefox,WEB Browsing,
94,"Click on ""Save Image As..."" proposition",Left Click,1712650397.472834,08:13:17,10:13:17,591.0,00:09:51,Firefox,WEB Browsing,"[488, 489, 490, 76, 63]"
95,"Click on ""Save"" button",Left Click,1712650401.704772,08:13:21,10:13:21,595.0,00:09:55,Firefox,WEB Browsing,
96,Move to Facebook tab,Left Click,1712650404.848803,08:13:24,10:13:24,599.0,00:09:59,Firefox,WEB Browsing,"[491, 492, 493]"
97,Miss click,Left Click,1712650406.937007,08:13:26,10:13:26,601.0,00:10:01,Firefox_Facebook,Social Network,"[335, 336, 920]"
98,"Click on ""Add Picture"" button",Left Click,1712650407.648826,08:13:27,10:13:27,601.0,00:10:01,Firefox_Facebook,Social Network,
99,"Click on ""+ Upload photo"" button",Left Click,1712650410.512852,08:13:30,10:13:30,604.0,00:10:04,Firefox_Facebook,Social Network,
100,"Double-click on ""Jar Jar Binks"" picture (1)",Left Click,1712650413.344878,08:13:33,10:13:33,607.0,00:10:07,Firefox_Facebook,Social Network,
101,"Double-click on ""Jar Jar Binks"" picture (2)",Left Click,1712650413.52888,08:13:33,10:13:33,607.0,00:10:07,Firefox_Facebook,Social Network,"[494, 495, 496, 337]"
102,Drag picture to reposition it,Left Click,1712650421.209034,08:13:41,10:13:41,615.0,00:10:15,Firefox_Facebook,Social Network,
103,"Click on ""Save"" button",Left Click,1712650427.313009,08:13:47,10:13:47,621.0,00:10:21,Firefox_Facebook,Social Network,
104,"Click on ""Video"" button",Left Click,1712650442.121146,08:14:02,10:14:02,636.0,00:10:36,Firefox_Facebook,Social Network,"[64, 497, 65, 921, 498, 499, 922, 923, 924, 338, 339, 340, 925]"
105,"Play ""5 Minutes Tricks"" video",Left Click,1712650460.401482,08:14:20,10:14:20,654.0,00:10:54,Firefox_Facebook,Social Network,"[500, 501, 341, 342, 343, 926]"
106,"Like ""5 Minutes Tricks"" video",Left Click,1712650526.041945,08:15:26,10:15:26,720.0,00:12:00,Firefox_Facebook,Social Network,"[344, 345, 346, 502]"
107,Close Facebook tab,Left Click,1712650530.705989,08:15:30,10:15:30,724.0,00:12:04,Firefox_Facebook,Social Network,
108,"Close ""star wars jar jar binks"" search",Left Click,1712650532.322076,08:15:32,10:15:32,726.0,00:12:06,Firefox,WEB Browsing,
109,"Close ""Jar Jar Binks"" picture",Left Click,1712650533.162034,08:15:33,10:15:33,727.0,00:12:07,Firefox,WEB Browsing,
110,"Click on ""Open a new tab"" Firefox icon",Left Click,1712650534.994074,08:15:34,10:15:34,729.0,00:12:09,Firefox,WEB Browsing,"[503, 347, 927, 348, 349, 350, 504, 505, 928, 506, 929, 351, 507, 352, 508, 930, 931, 932]"
111,Open Thunderbird window,Left Click,1712650542.058147,08:15:42,10:15:42,736.0,00:12:16,Thunderbird,Email,
112,"Click on ""+ New Message"" button",Left Click,1712650545.738153,08:15:45,10:15:45,739.0,00:12:19,Thunderbird,Email,
113,"Click on ""To"" field",Left Click,1712650547.754237,08:15:47,10:15:47,741.0,00:12:21,Thunderbird,Email,
114,"Click on ""Subject"" field",Left Click,1712650556.826295,08:15:56,10:15:56,751.0,00:12:31,Thunderbird,Email,
115,"Click on ""Message"" field",Left Click,1712650560.722292,08:16:00,10:16:00,754.0,00:12:34,Thunderbird,Email,
116,Line break,ENTER Key,1712650564.162355,08:16:04,10:16:04,758.0,00:12:38,Thunderbird,Email,
117,Line break,ENTER Key,1712650581.690599,08:16:21,10:16:21,775.0,00:12:55,Thunderbird,Email,"[933, 934, 353, 509, 354, 355, 935, 357, 356, 358]"
118,"Click on ""Smiley"" dropdown",Left Click,1712650643.931098,08:17:23,10:17:23,838.0,00:13:58,Thunderbird,Email,[510]
119,"Click on ""Smile"" proposition",Left Click,1712650648.187228,08:17:28,10:17:28,842.0,00:14:02,Thunderbird,Email,"[511, 284, 420]"
120,"Click on ""Send"" button",Left Click,1712650663.683341,08:17:43,10:17:43,857.0,00:14:17,Thunderbird,Email,"[936, 937, 359, 360, 512, 361]"
121,Minimize Thunderbird window,Left Click,1712650675.93946,08:17:55,10:17:55,870.0,00:14:30,Thunderbird,Email,
122,Click on Firefox url bar,Left Click,1712650678.211455,08:17:58,10:17:58,872.0,00:14:32,Firefox,WEB Browsing,"[513, 362, 363, 364, 365, 514, 515]"
123,"Search ""vscode"" on Google",ENTER Key,1712650682.659531,08:18:02,10:18:02,876.0,00:14:36,Firefox,WEB Browsing,"[938, 516, 939, 366, 940, 517, 941, 367, 942, 518, 368, 519, 520, 521]"
124,Close Lindedin tab,Left Click,1712650685.883513,08:18:05,10:18:05,880.0,00:14:40,Firefox,WEB Browsing,"[523, 524, 369, 370, 526]"
125,"Click on ""Google search"" field",Left Click,1712650690.035557,08:18:10,10:18:10,884.0,00:14:44,Firefox,WEB Browsing,[371]
126,"Search ""vscode ubuntu install"" on Google",ENTER Key,1712650693.347632,08:18:13,10:18:13,887.0,00:14:47,Firefox,WEB Browsing,[943]
127,"Open ""Running Visual Studio Code on linux"" link",Wheel Click,1712650701.219711,08:18:21,10:18:21,895.0,00:14:55,Firefox,WEB Browsing,"[527, 944, 945, 528, 372, 529, 946, 373]"
128,"Move to ""Running Visual Studio Code on linux"" tab",Left Click,1712650702.731691,08:18:22,10:18:22,896.0,00:14:56,Firefox,WEB Browsing,"[374, 947, 376, 375, 377, 948, 378, 530, 531, 949, 532, 533, 379, 534, 950, 380, 381, 382, 383, 951, 384, 535, 536, 952, 953, 954, 537, 955, 385, 386]"
129,Open terminal app,Left Click,1712650726.603937,08:18:46,10:18:46,920.0,00:15:20,Terminal,System,
130,Drag terminal window,Left Click,1712650729.291958,08:18:49,10:18:49,923.0,00:15:23,Terminal,System,
131,Click on terminal command field,Left Click,1712650729.724181,08:18:49,10:18:49,923.0,00:15:23,Terminal,System,"[525, 538, 522, 539]"
132,"Run ""sudo apt install code"" command",ENTER Key,1712650744.532147,08:19:04,10:19:04,938.0,00:15:38,Terminal,System_Download,
133,Validate password,ENTER Key,1712650750.796216,08:19:10,10:19:10,944.0,00:15:44,Terminal,System_Download,
134,Click on background Firefox window,Left Click,1712650755.428223,08:19:15,10:19:15,949.0,00:15:49,Firefox,WEB Browsing,"[956, 957, 540]"
135,"Open "".deb package (64-bit)"" link",Left Click,1712650760.276288,08:19:20,10:19:20,954.0,00:15:54,Firefox,WEB Browsing_Download,"[387, 958, 541, 542, 959, 960, 961, 962, 388, 963, 389, 964, 390, 391]"
136,Open terminal window,Left Click,1712650772.052379,08:19:32,10:19:32,966.0,00:16:06,Terminal,System,
137,Click on terminal command field,Left Click,1712650773.460395,08:19:33,10:19:33,967.0,00:16:07,Terminal,System,"[543, 392, 544, 393, 965, 545, 394]"
138,"Run ""cd Downloads"" command",ENTER Key,1712650782.492527,08:19:42,10:19:42,976.0,00:16:16,Terminal,System,
139,"Run ""ls"" command",ENTER Key,1712650784.044546,08:19:44,10:19:44,978.0,00:16:18,Terminal,System,[546]
140,"Click on ""Download"" Firefox icon",Left Click,1712650798.380649,08:19:58,10:19:58,992.0,00:16:32,Firefox,WEB Browsing,"[547, 966, 395]"
141,Click on Firefox window,Left Click,1712650806.07673,08:20:06,10:20:06,1000.0,00:16:40,Firefox,WEB Browsing,
142,Open terminal window,Left Click,1712650810.812804,08:20:10,10:20:10,1005.0,00:16:45,Terminal,System,
143,Click on terminal command field,Left Click,1712650811.95681,08:20:11,10:20:11,1006.0,00:16:46,Terminal,System,
144,Click on terminal command field,Left Click,1712650814.36487,08:20:14,10:20:14,1008.0,00:16:48,Terminal,System,
145,"Run ""ls"" command",ENTER Key,1712650819.972914,08:20:19,10:20:19,1014.0,00:16:54,Terminal,System,
146,"Double-click ""code_1.88.0-1712152114_amd64.deb"" (1)",Left Click,1712650826.940972,08:20:26,10:20:26,1021.0,00:17:01,Terminal,System,
147,"Double-click ""code_1.88.0-1712152114_amd64.deb"" (2)",Left Click,1712650827.156983,08:20:27,10:20:27,1021.0,00:17:01,Terminal,System,[396]
148,"Paste ""code_1.88.0-1712152114_amd64.deb""  selection",Wheel Click,1712650827.916968,08:20:27,10:20:27,1022.0,00:17:02,Terminal,System,
149,"Run ""sudo apt install code_1.88.0-1712152114_amd64.deb"" command",ENTER Key,1712650828.605033,08:20:28,10:20:28,1022.0,00:17:02,Terminal,System,
150,Miss click,Left Click,1712650836.47709,08:20:36,10:20:36,1030.0,00:17:10,Terminal,System,
151,Drag terminal window,Left Click,1712650844.349343,08:20:44,10:20:44,1038.0,00:17:18,Terminal,System,
152,Click on terminal command field,Left Click,1712650845.213229,08:20:45,10:20:45,1039.0,00:17:19,Terminal,System,
153,"Run ""sudo apt install ./code_1.88.0-1712152114_amd64.deb"" command",ENTER Key,1712650849.517227,08:20:49,10:20:49,1043.0,00:17:23,Terminal,System,"[967, 397, 549]"
154,"Run ""sudo dpkg -i code_1.88.0-1712152114_amd64.deb"" command",ENTER Key,1712650888.773632,08:21:28,10:21:28,1082.0,00:18:02,Terminal,System,
155,"Click on Thunderbird ""Visio link"" mail pop-up",Left Click,1712650905.117757,08:21:45,10:21:45,1099.0,00:18:19,Thunderbird,Email,
156,"Click on Thunderbird ""Visio link"" mail pop-up",Left Click,1712650906.829765,08:21:46,10:21:46,1101.0,00:18:21,Thunderbird,Email,"[553, 398]"
157,Miss click,Left Click,1712650910.165873,08:21:50,10:21:50,1104.0,00:18:24,Thunderbird,Email,[399]
158,Open terminal window,Left Click,1712650925.854016,08:22:05,10:22:05,1120.0,00:18:40,Terminal,System,
159,Click on terminal command field,Left Click,1712650928.853997,08:22:08,10:22:08,1123.0,00:18:43,Terminal,System,
160,"Run ""code"" command",ENTER Key,1712650932.486094,08:22:12,10:22:12,1126.0,00:18:46,Terminal,System,"[401, 400, 441, 968, 551, 442, 969, 555, 443, 970, 971, 556, 557, 972, 973, 558, 559]"
161,Drag VScode window,Left Click,1712650940.766114,08:22:20,10:22:20,1134.0,00:18:54,VScode,Development,"[444, 974, 560, 975, 977, 561, 979, 562, 445, 981, 563, 446]"
162,"Click on ""Dark Modern"" VScode icon",Left Click,1712650948.52625,08:22:28,10:22:28,1142.0,00:19:02,VScode,Development,"[564, 982]"
163,Drag VScode scrollbar,Left Click,1712650951.334454,08:22:31,10:22:31,1145.0,00:19:05,VScode,Development,
164,"Click on ""Rich support for all your languages"" radio button",Left Click,1712650952.206275,08:22:32,10:22:32,1146.0,00:19:06,VScode,Development,[565]
165,"Click on ""Tune your settings"" radio button",Left Click,1712650953.870478,08:22:33,10:22:33,1148.0,00:19:08,VScode,Development,"[984, 983]"
166,"Click on ""Sync settings accross devices"" radio button",Left Click,1712650955.566365,08:22:35,10:22:35,1149.0,00:19:09,VScode,Development,"[985, 986, 987, 988, 447, 448, 449]"
167,"Click on ""Unlock productivity with the command Palette"" radio button",Left Click,1712650965.758391,08:22:45,10:22:45,1159.0,00:19:19,VScode,Development,
168,"Click on ""Open up your code"" radio button",Left Click,1712650967.19045,08:22:47,10:22:47,1161.0,00:19:21,VScode,Development,
169,"Click on ""Mark Done"" button",Left Click,1712650970.198436,08:22:50,10:22:50,1164.0,00:19:24,VScode,Development,
170,Minimize VScode window,Left Click,1712650973.774505,08:22:53,10:22:53,1167.0,00:19:27,VScode,Development,
171,Minimize terminal window,Left Click,1712650975.934512,08:22:55,10:22:55,1170.0,00:19:30,Terminal,System,
172,"Click on ""Google Meet"" Thunderbird mail link",Left Click,1712650977.598611,08:22:57,10:22:57,1171.0,00:19:31,Thunderbird,Email,"[450, 566, 989, 990, 567, 568, 569, 991, 451, 992]"
173,"Close ""Running Visual Studio Code on linux"" tab",Wheel Click,1712650980.598573,08:23:00,10:23:00,1174.0,00:19:34,Firefox,WEB Browsing,
174,"Close ""vscode ubuntu install"" Google search tab",Wheel Click,1712650981.374549,08:23:01,10:23:01,1175.0,00:19:35,Firefox,WEB Browsing,"[452, 453, 570, 454, 571, 455, 572, 993, 456, 457, 994, 458, 573, 574, 459, 995, 575, 996, 576, 577, 997, 578, 579, 580, 460, 998]"
175,"Click on ""Allow"" Firefox pop-up button",Left Click,1712650993.470774,08:23:13,10:23:13,1187.0,00:19:47,Firefox_Google Meet,Visioconference,
176,"Click on ""Turn off microphone"" icon",Left Click,1712650998.182844,08:23:18,10:23:18,1192.0,00:19:52,Firefox_Google Meet,Visioconference,
177,"Click on ""Turn on camera"" icon",Left Click,1712650999.62276,08:23:19,10:23:19,1193.0,00:19:53,Firefox_Google Meet,Visioconference,
178,"Click on ""Dismiss"" Google Meet pop-up button ",Left Click,1712651001.238759,08:23:21,10:23:21,1195.0,00:19:55,Firefox_Google Meet,Visioconference,
179,"Click on ""Your name"" field",Left Click,1712651002.678779,08:23:22,10:23:22,1196.0,00:19:56,Firefox_Google Meet,Visioconference,[461]
180,"Double-click ""Your name"" field content (1)",Left Click,1712651009.326846,08:23:29,10:23:29,1203.0,00:20:03,Firefox_Google Meet,Visioconference,
181,"Double-click ""Your name"" field content (2)",Left Click,1712651009.510845,08:23:29,10:23:29,1203.0,00:20:03,Firefox_Google Meet,Visioconference,
182,Miss click,Left Click,1712651019.215011,08:23:39,10:23:39,1213.0,00:20:13,Firefox_Google Meet,Visioconference,
183,Click on VMware camera context menu,Right Click,1712651028.159086,08:23:48,10:23:48,1222.0,00:20:22,VMWare,Other,
184,"Click on ""Connect (Disconnect from host)"" proposition",Left Click,1712651030.5351,08:23:50,10:23:50,1224.0,00:20:24,VMWare,Other,
185,"Click on ""OK"" VMware pop-up button",Left Click,1712651032.35113,08:23:52,10:23:52,1226.0,00:20:26,VMWare,Other,"[581, 999, 582, 1000]"
186,"Click on ""Turn on camera"" icon",Left Click,1712651035.135157,08:23:55,10:23:55,1229.0,00:20:29,Firefox_Google Meet,Visioconference,
187,"Click on ""Allow camera"" button",Left Click,1712651036.839149,08:23:56,10:23:56,1231.0,00:20:31,Firefox_Google Meet,Visioconference,
188,"Click on ""Allow"" Firefox pop-up button",Left Click,1712651041.119184,08:24:01,10:24:01,1235.0,00:20:35,Firefox_Google Meet,Visioconference,"[1001, 1002, 1003, 462, 1004, 463, 1005, 583, 1006, 464, 1007, 1008, 1009, 465, 584, 466, 467, 468]"
189,"Click on ""Ask to join"" button",Left Click,1712651074.287563,08:24:34,10:24:34,1268.0,00:21:08,Firefox_Google Meet,Visioconference,"[585, 469, 470, 586, 587]"
190,"Click on ""Activities"" Ubuntu button",Left Click,1712651097.831815,08:24:57,10:24:57,1292.0,00:21:32,Ubuntu,System,"[1010, 548]"
191,"Close ""Activities"" Ubuntu menu",Left Click,1712651107.615886,08:25:07,10:25:07,1301.0,00:21:41,Ubuntu,System,
192,"Click on ""List all tabs"" Ubuntu button",Left Click,1712651114.087935,08:25:14,10:25:14,1308.0,00:21:48,Ubuntu,System,
193,"Click on ""Settings"" proposition",Left Click,1712651115.463992,08:25:15,10:25:15,1309.0,00:21:49,Ubuntu,System,
194,"Click on ""Search"" icon",Left Click,1712651123.608092,08:25:23,10:25:23,1317.0,00:21:57,Ubuntu,System,
195,"Click on ""Search"" field",Left Click,1712651124.584127,08:25:24,10:25:24,1318.0,00:21:58,Ubuntu,System,"[550, 588, 552, 1011, 554, 589, 590, 1012, 591]"
196,"Click on ""Search"" field",Left Click,1712651146.472326,08:25:46,10:25:46,1340.0,00:22:20,Ubuntu,System,
197,"Click on ""Sound"" dropdown",Left Click,1712651148.896338,08:25:48,10:25:48,1343.0,00:22:23,Ubuntu,System,
198,"Select ""Analog Output"" proposition",Left Click,1712651151.992354,08:25:51,10:25:51,1346.0,00:22:26,Ubuntu,System,
199,"Click on ""Output Device"" proposition",Left Click,1712651152.680392,08:25:52,10:25:52,1346.0,00:22:26,Ubuntu,System,
200,"Click on ""Test"" button",Left Click,1712651157.44841,08:25:57,10:25:57,1351.0,00:22:31,Ubuntu,System,
201,"Click on ""Front Right"" button",Left Click,1712651160.576444,08:26:00,10:26:00,1354.0,00:22:34,Ubuntu,System,
202,"Close ""Testing Analog Output"" window",Left Click,1712651162.78449,08:26:02,10:26:02,1356.0,00:22:36,Ubuntu,System,
203,"Close ""Settings"" window",Left Click,1712651165.912499,08:26:05,10:26:05,1360.0,00:22:40,Ubuntu,System,"[592, 593, 1013, 595, 594, 596, 747, 597, 1014, 598, 1015, 1016, 749, 1017, 1018]"
204,"Click on ""Rejoin""  button",Left Click,1712651181.488673,08:26:21,10:26:21,1375.0,00:22:55,Firefox_Google Meet,Visioconference,"[751, 1019, 1020, 599, 753, 1021, 601, 600, 755, 1022, 602, 603, 757, 1023, 1024, 1025, 1026]"
205,"Click on ""Your name"" field",Left Click,1712651200.168949,08:26:40,10:26:40,1394.0,00:23:14,Firefox_Google Meet,Visioconference,
206,"Click on ""Present"" button",Left Click,1712651207.84895,08:26:47,10:26:47,1402.0,00:23:22,Firefox_Google Meet,Visioconference,"[604, 759, 605, 1027, 1028, 1029, 761, 763, 1030, 765]"
207,"Click on ""Allow"" Firefox pop-up button",Left Click,1712651212.929045,08:26:52,10:26:52,1407.0,00:23:27,Firefox_Google Meet,Visioconference,
208,"Click on ""Turn on camera"" icon",Left Click,1712651216.361,08:26:56,10:26:56,1410.0,00:23:30,Firefox_Google Meet,Visioconference,
209,Open Thunderbird window,Left Click,1712651225.673106,08:27:05,10:27:05,1419.0,00:23:39,Thunderbird,Email,
210,"Click on ""Reply"" button",Left Click,1712651229.121096,08:27:09,10:27:09,1423.0,00:23:43,Thunderbird,Email,
211,"Click on ""Send"" button",Left Click,1712651238.593125,08:27:18,10:27:18,1432.0,00:23:52,Thunderbird,Email,"[1032, 1031, 1033, 767, 769, 1034, 1035, 606, 771]"
212,Minimize Thunderbird window,Left Click,1712651251.105205,08:27:31,10:27:31,1445.0,00:24:05,Thunderbird,Email,[607]
213,Open VScode window,Left Click,1712651266.801315,08:27:46,10:27:46,1460.0,00:24:20,VScode,Development,
214,Drag VScode window,Left Click,1712651269.681331,08:27:49,10:27:49,1463.0,00:24:23,VScode,Development,
215,"Click on ""New File..."" button",Left Click,1712651274.193314,08:27:54,10:27:54,1468.0,00:24:28,VScode,Development,"[1036, 773, 1037, 1071]"
216,Click on Firefox window,Left Click,1712651277.35336,08:27:57,10:27:57,1471.0,00:24:31,Firefox,WEB Browsing,
217,"Click on ""Turn off camera"" icon",Left Click,1712651280.121376,08:28:00,10:28:00,1474.0,00:24:34,Firefox_Google Meet,Visioconference,
218,"Click on ""Open a new tab"" Firefox icon",Left Click,1712651289.337453,08:28:09,10:28:09,1483.0,00:24:43,Firefox,WEB Browsing,"[775, 608, 609, 1072, 777, 610, 611, 1073, 612, 1075, 1074, 1077, 1076, 613, 779, 1078, 1079, 781, 1080, 1082, 1081, 784, 1083, 1084, 614]"
219,"Search ""linkd"" on Google",ENTER Key,1712651293.777486,08:28:13,10:28:13,1487.0,00:24:47,Firefox,WEB Browsing,"[1085, 615, 1086, 787, 1087, 616, 1088, 617]"
220,"Click on ""Linkedin"" link",Left Click,1712651296.361457,08:28:16,10:28:16,1490.0,00:24:50,Firefox,WEB Browsing,"[1089, 790, 618, 793, 1090, 796, 1091, 799, 1092, 1093, 802, 805, 808, 619, 1094, 620, 811, 814, 817, 820, 1095, 621, 823, 1096, 826, 622, 829, 1097, 832, 623, 1098, 624, 835, 625, 838, 626, 627, 841, 844, 629, 628, 847, 1099, 630, 631, 1100]"
221,"Move to ""Google Meet"" tab",Left Click,1712651303.633499,08:28:23,10:28:23,1497.0,00:24:57,Firefox,WEB Browsing,"[850, 1101, 632, 633, 853, 856, 859, 634, 1102, 862, 1103, 865, 1104, 635, 868, 1105, 636, 637, 638, 639, 1106, 1107, 1108, 871, 874, 877]"
222,"Move to ""Linkedin"" tab",Left Click,1712651311.569547,08:28:31,10:28:31,1505.0,00:25:05,Firefox,WEB Browsing,"[880, 883, 640, 886, 1109, 641, 1110, 889, 1111, 892, 642, 895, 898]"
223,"Click on ""Network"" Linkedin button",Left Click,1712651320.825604,08:28:40,10:28:40,1515.0,00:25:15,Firefox_Linkedin,Social Network,
224,"Click on ""Ignore"" button",Left Click,1712651326.065636,08:28:46,10:28:46,1520.0,00:25:20,Firefox_Linkedin,Social Network,"[901, 643, 904, 644, 645, 646, 1112, 647, 648, 649, 907, 650, 1113]"
225,Close Linkedin tab,Left Click,1712651333.377769,08:28:53,10:28:53,1527.0,00:25:27,Firefox,WEB Browsing,"[1114, 1115, 651, 652]"
226,"Click on ""More options"" video icon",Left Click,1712651344.953767,08:29:04,10:29:04,1539.0,00:25:39,Firefox_Google Meet,Visioconference,
227,Click on Firefox window,Left Click,1712651346.745774,08:29:06,10:29:06,1540.0,00:25:40,Firefox_Google Meet,Visioconference,
228,"Click on ""Back"" Firefox icon",Left Click,1712651349.961844,08:29:09,10:29:09,1544.0,00:25:44,Firefox_Google Meet,Visioconference,
229,"Click on ""Back"" Firefox icon",Left Click,1712651351.5778,08:29:11,10:29:11,1545.0,00:25:45,Firefox_Google Meet,Visioconference,"[653, 1116]"
230,"Close ""Google Meet"" tab",Left Click,1712651355.793829,08:29:15,10:29:15,1549.0,00:25:49,Firefox_Google Meet,Visioconference,"[1117, 782, 910, 785, 788, 1118, 791, 912, 794]"
231,Open Thunderbird window,Left Click,1712651361.873894,08:29:21,10:29:21,1556.0,00:25:56,Thunderbird,Email,
232,"Click on ""Google Meet"" Thunderbird mail link",Left Click,1712651365.537904,08:29:25,10:29:25,1559.0,00:25:59,Thunderbird,Email,"[914, 797, 1119, 976, 1120, 978, 800, 803, 980, 806, 1038, 1121, 809, 1122, 812, 1039, 1040, 815, 818, 1041, 1042, 822, 1123, 1124, 1125, 1043, 1044, 825, 1045, 828, 1126, 1046, 1127, 1128, 831, 834, 1047, 1048, 1172, 837, 1049, 840, 1050, 1173, 1051, 843, 1174, 1175, 846, 1052, 849, 1192, 1053, 1054, 1193, 1194, 1195, 1214, 1055, 852, 855, 858, 861, 1056, 1057, 1216, 864, 1058, 1059, 1217, 870, 867, 1218, 873, 876, 879, 1219, 1060, 1061, 882, 885]"
233,"Click on ""Your name"" field",Left Click,1712651374.913958,08:29:34,10:29:34,1569.0,00:26:09,Firefox_Google Meet,Visioconference,
234,"Click on ""Allow"" Firefox pop-up button",Left Click,1712651378.642019,08:29:38,10:29:38,1572.0,00:26:12,Firefox_Google Meet,Visioconference,[1220]
235,"Click on ""Turn off microphone"" icon",Left Click,1712651382.626008,08:29:42,10:29:42,1576.0,00:26:16,Firefox_Google Meet,Visioconference,
236,"Click on ""Turn off camera"" icon",Left Click,1712651383.514007,08:29:43,10:29:43,1577.0,00:26:17,Firefox_Google Meet,Visioconference,
237,"Click on ""Your name"" field",Left Click,1712651384.634068,08:29:44,10:29:44,1578.0,00:26:18,Firefox_Google Meet,Visioconference,"[1062, 1221]"
238,"Click on ""Ask to join"" button",Left Click,1712651395.346081,08:29:55,10:29:55,1589.0,00:26:29,Firefox_Google Meet,Visioconference,[1222]
239,Miss click,Left Click,1712651405.274225,08:30:05,10:30:05,1599.0,00:26:39,Firefox_Google Meet,Visioconference,
240,Open Thunderbird window,Left Click,1712651408.618186,08:30:08,10:30:08,1602.0,00:26:42,Thunderbird,Email,
241,"Click on ""Google Meet"" Thunderbird mail link",Left Click,1712651410.970236,08:30:10,10:30:10,1605.0,00:26:45,Thunderbird,Email,
242,"Close ""Google Meet"" tab",Wheel Click,1712651412.978214,08:30:12,10:30:12,1607.0,00:26:47,Firefox,WEB Browsing,"[1063, 888, 1223, 1224, 1064, 891, 1226, 1065, 894, 1066]"
243,"Click on ""Allow"" Firefox pop-up button",Left Click,1712651417.346243,08:30:17,10:30:17,1611.0,00:26:51,Firefox_Google Meet,Visioconference,"[1067, 897, 1068, 900]"
244,"Click on ""Turn off microphone"" icon",Left Click,1712651427.658328,08:30:27,10:30:27,1621.0,00:27:01,Firefox_Google Meet,Visioconference,
245,"Click on ""Turn off camera"" icon",Left Click,1712651428.306327,08:30:28,10:30:28,1622.0,00:27:02,Firefox_Google Meet,Visioconference,"[1069, 1070]"
246,"Click on ""Got it"" Google Meet pop-up",Left Click,1712651437.122416,08:30:37,10:30:37,1631.0,00:27:11,Firefox_Google Meet,Visioconference,
247,"Click on ""Sign in"" button",Left Click,1712651441.64247,08:30:41,10:30:41,1635.0,00:27:15,Firefox_Google Meet,Visioconference,"[903, 1228, 1230, 906, 1129, 909, 1232, 1196, 1234, 1236, 1238, 1240, 1197, 1130, 1131, 1242, 1132]"
248,"Click on ""Email or phone"" field",Left Click,1712651449.578579,08:30:49,10:30:49,1643.0,00:27:23,Firefox_Google Meet,Visioconference,
249,Miss click,Left Click,1712651452.410541,08:30:52,10:30:52,1646.0,00:27:26,Firefox_Google Meet,Visioconference,
250,Miss click,Left Click,1712651464.770595,08:31:04,10:31:04,1658.0,00:27:38,Firefox_Google Meet,Visioconference,
251,Open VScode window,Left Click,1712651472.090636,08:31:12,10:31:12,1666.0,00:27:46,VScode,Development,
252,Click on Firefox window,Left Click,1712651477.162665,08:31:17,10:31:17,1671.0,00:27:51,Firefox,WEB Browsing,
253,Click on Firefox url bar,Left Click,1712651477.666709,08:31:17,10:31:17,1671.0,00:27:51,Firefox,WEB Browsing,"[1133, 1198, 1314]"
254,"Search ""vscode learn python"" on Google",ENTER Key,1712651483.946795,08:31:23,10:31:23,1678.0,00:27:58,Firefox,WEB Browsing,"[1199, 1200, 1201, 1315, 1134, 1135, 1202, 1136, 1316, 1137, 1317, 1138, 1139, 1203, 1140, 1204, 1205, 1318, 1206, 1207, 1141, 1143, 1142, 1208, 1319, 1320, 1209, 1144, 1321, 1145, 1322, 1146, 1210, 1211, 1323, 1324, 1325, 1147, 1212, 1326, 1213, 1148, 1327, 1215, 1328, 1329, 1330]"
255,"Open ""Python Tutorial for Beginners with VS Code"" Youtube video",Left Click,1712651490.27485,08:31:30,10:31:30,1684.0,00:28:04,Firefox,WEB Browsing,"[1149, 1225, 1150, 1227, 1331, 1229, 1231, 1233, 1332, 1151, 1333, 1235, 1152, 1237, 1334, 1335, 1336, 1239, 1153, 1375, 1376, 1241, 1377, 1378, 1243, 1244, 1154, 1245, 1246, 1155, 1247, 1379, 1248, 1249, 1156, 1157, 1380, 1381, 1158, 1382, 1250, 1159, 1160, 1383]"
256,Start Youtube video,Left Click,1712651496.642807,08:31:36,10:31:36,1690.0,00:28:10,Firefox_Youtube,Streaming,"[1161, 1251, 1252, 1162, 1254, 1253, 1384, 1255, 1163, 1256, 1164, 1257, 1258, 1259, 1260, 1165, 1166, 1385, 1167, 1261, 1168, 1386, 1387, 1262, 1169, 1263, 1388, 1389, 1390, 1170, 1264, 1171]"
257,"Click on ""Skip"" button",Left Click,1712651505.290867,08:31:45,10:31:45,1699.0,00:28:19,Firefox_Youtube,Streaming,
258,"Click on ""No thanks"" Youtube pop-up button",Left Click,1712651513.378931,08:31:53,10:31:53,1707.0,00:28:27,Firefox_Youtube,Streaming,"[1505, 1176, 1506, 1265, 1177, 1507]"
259,Move forward video to 3:01,Left Click,1712651534.467096,08:32:14,10:32:14,1728.0,00:28:48,Firefox_Youtube,Streaming,[1266]
260,Open VScode window,Left Click,1712651548.763205,08:32:28,10:32:28,1742.0,00:29:02,Firefox_Youtube_VScode,Streaming_Development,"[1178, 1508]"
261,Drag VScode window,Left Click,1712651553.579274,08:32:33,10:32:33,1747.0,00:29:07,Firefox_Youtube_VScode,Streaming_Development,
262,"Close VScode ""Welcome"" tab",Left Click,1712651556.179258,08:32:36,10:32:36,1750.0,00:29:10,Firefox_Youtube_VScode,Streaming_Development,"[1268, 1267, 1179, 1509]"
263,"Click on ""Extensions"" icon",Left Click,1712651559.099283,08:32:39,10:32:39,1753.0,00:29:13,Firefox_Youtube_VScode,Streaming_Development,"[1511, 1510, 1180, 1512, 1181, 1182, 1513, 1514, 1515, 1516, 1517, 1269]"
264,Drag VScode window,Left Click,1712651563.667318,08:32:43,10:32:43,1757.0,00:29:17,Firefox_Youtube_VScode,Streaming_Development,"[1518, 1270, 1271, 1272, 1183, 1276, 1273, 1274, 1275, 1277]"
265,Click on VScode search bar,Left Click,1712651565.763339,08:32:45,10:32:45,1759.0,00:29:19,Firefox_Youtube_VScode,Streaming_Development,"[1278, 1184, 1185, 1519, 1279, 1280, 1520, 1186, 1187, 1282, 1281, 1521, 1283, 1188, 1522, 1190, 1189, 1523, 1191]"
266,Click on python proposition,Left Click,1712651589.667524,08:33:09,10:33:09,1783.0,00:29:43,Firefox_Youtube_VScode,Streaming_Development,[1524]
267,Drag VScode window,Left Click,1712651593.787556,08:33:13,10:33:13,1787.0,00:29:47,Firefox_Youtube_VScode,Streaming_Development,"[1525, 1284, 1337, 1285, 1286, 1338]"
268,"Click on ""Install"" button",Left Click,1712651600.499609,08:33:20,10:33:20,1794.0,00:29:54,Firefox_Youtube_VScode,Streaming_Development,"[1526, 1287, 1339, 1288, 1340, 1289]"
269,Drag VScode window,Left Click,1712651608.971675,08:33:28,10:33:28,1803.0,00:30:03,Firefox_Youtube_VScode,Streaming_Development,"[1290, 1503, 1291, 1527, 1292, 1293, 1294, 1341, 1528, 1529, 1295, 1296, 1342]"
270,Drag VScode window,Left Click,1712651616.323736,08:33:36,10:33:36,1810.0,00:30:10,Firefox_Youtube_VScode,Streaming_Development,
271,Drag VScode window,Left Click,1712651621.475784,08:33:41,10:33:41,1815.0,00:30:15,Firefox_Youtube_VScode,Streaming_Development,
272,Click on VScode window,Left Click,1712651622.85979,08:33:42,10:33:42,1817.0,00:30:17,Firefox_Youtube_VScode,Streaming_Development,"[1530, 1297, 1343]"
273,Click on VScode search bar,Left Click,1712651629.003842,08:33:49,10:33:49,1823.0,00:30:23,Firefox_Youtube_VScode,Streaming_Development,"[1352, 1353, 1344, 1531]"
274,"Click on ""Pause"" Youtube video button",Left Click,1712651649.436021,08:34:09,10:34:09,1843.0,00:30:43,Firefox_Youtube_VScode,Streaming_Development,
275,Open VScode window,Left Click,1712651651.204024,08:34:11,10:34:11,1845.0,00:30:45,VScode,Development,
276,Open Thunderbird window,Left Click,1712651652.020027,08:34:12,10:34:12,1846.0,00:30:46,Thunderbird,Email,
277,Minimize Thunderbird window,Left Click,1712651654.236046,08:34:14,10:34:14,1848.0,00:30:48,Thunderbird,Email,
278,Drag VScode window,Left Click,1712651657.076069,08:34:17,10:34:17,1851.0,00:30:51,VScode,Development,
279,"Click on ""Refresh Extensions: Marketplace"" VScode icon",Left Click,1712651664.188124,08:34:24,10:34:24,1858.0,00:30:58,VScode,Development,"[1345, 1346, 1532, 1298, 1299]"
280,Drag VScode window,Left Click,1712651667.468156,08:34:27,10:34:27,1861.0,00:31:01,VScode,Development,"[1347, 1348, 1300, 1301, 1302, 1533, 1534, 1349, 1535, 1303, 1350, 1304, 1305, 1536, 1351, 1537, 2251, 1306, 2254, 1307, 1538, 1539, 2257, 1540, 1308]"
281,"Close ""Welcome"" VScode tab",Left Click,1712651686.444383,08:34:46,10:34:46,1880.0,00:31:20,VScode,Development,
282,Click on VScode window,Left Click,1712651687.33239,08:34:47,10:34:47,1881.0,00:31:21,VScode,Development,[1309]
283,"Click on ""Play"" Youtube video button",Left Click,1712651693.092425,08:34:53,10:34:53,1887.0,00:31:27,Firefox_Youtube,Streaming,
284,Open VScode window,Left Click,1712651695.628401,08:34:55,10:34:55,1889.0,00:31:29,Firefox_Youtube_VScode,Streaming_Development,
285,Drag VScode window,Left Click,1712651697.436418,08:34:57,10:34:57,1891.0,00:31:31,Firefox_Youtube_VScode,Streaming_Development,
286,Click on VScode window,Left Click,1712651698.084426,08:34:58,10:34:58,1892.0,00:31:32,Firefox_Youtube_VScode,Streaming_Development,
287,"Click on ""Python: Select interpreter"" proposition",Left Click,1712651718.7726,08:35:18,10:35:18,1912.0,00:31:52,Firefox_Youtube_VScode,Streaming_Development,
288,"Click on ""Python 3.10.12 64-bit /usr/bin/python3"" proposition",Left Click,1712651723.868639,08:35:23,10:35:23,1918.0,00:31:58,Firefox_Youtube_VScode,Streaming_Development,"[1310, 1311, 1312, 1541]"
289,Drag VScode window,Left Click,1712651730.892689,08:35:30,10:35:30,1925.0,00:32:05,Firefox_Youtube_VScode,Streaming_Development,[1313]
290,"Click on ""EXPLORER"" VScode icon",Left Click,1712651732.364762,08:35:32,10:35:32,1926.0,00:32:06,Firefox_Youtube_VScode,Streaming_Development,
291,Drag VScode window,Left Click,1712651738.380769,08:35:38,10:35:38,1932.0,00:32:12,Firefox_Youtube_VScode,Streaming_Development,
292,"Click on ""Terminal"" menu button",Left Click,1712651739.012773,08:35:39,10:35:39,1933.0,00:32:13,Firefox_Youtube_VScode,Streaming_Development,
293,"Click on ""New Terminal"" proposition",Left Click,1712651740.14879,08:35:40,10:35:40,1934.0,00:32:14,Firefox_Youtube_VScode,Streaming_Development,
294,Drag VScode window,Left Click,1712651746.132834,08:35:46,10:35:46,1940.0,00:32:20,Firefox_Youtube_VScode,Streaming_Development,
295,Drag VScode window,Left Click,1712651751.19688,08:35:51,10:35:51,1945.0,00:32:25,Firefox_Youtube_VScode,Streaming_Development,
296,Drag VScode window,Left Click,1712651764.684994,08:36:04,10:36:04,1958.0,00:32:38,Firefox_Youtube_VScode,Streaming_Development,
297,Click on Firefox window,Left Click,1712651767.373012,08:36:07,10:36:07,1961.0,00:32:41,Firefox_Youtube_VScode,Streaming_Development,[1354]
298,Move forward video to 9:30,Left Click,1712651783.133157,08:36:23,10:36:23,1977.0,00:32:57,Firefox_Youtube,Streaming,"[1355, 2263, 2260]"
299,Move forward video to 10:40,Left Click,1712651823.053499,08:37:03,10:37:03,2017.0,00:33:37,Firefox_Youtube,Streaming,
300,Move forward video to 11:06,Left Click,1712651824.877515,08:37:04,10:37:04,2019.0,00:33:39,Firefox_Youtube,Streaming,
301,"Click on ""Pause"" Youtube video button",Left Click,1712651827.141534,08:37:07,10:37:07,2021.0,00:33:41,Firefox_Youtube,Streaming,
302,Open VScode window,Left Click,1712651830.397567,08:37:10,10:37:10,2024.0,00:33:44,VScode,Development,
303,"Click on VScode ""Open Folder"" button",Left Click,1712651833.605631,08:37:13,10:37:13,2027.0,00:33:47,VScode,Development,"[2266, 1542, 1543]"
304,"Double-click on ""Documents"" (1)",Left Click,1712651837.269721,08:37:17,10:37:17,2031.0,00:33:51,VScode,Development,
305,"Double-click on ""Documents"" (2)",Left Click,1712651837.477734,08:37:17,10:37:17,2031.0,00:33:51,VScode,Development,
306,"Click on ""Create repository"" icon",Left Click,1712651839.445647,08:37:19,10:37:19,2033.0,00:33:53,VScode,Development,
307,"Click on ""Folder name"" field",Left Click,1712651840.653684,08:37:20,10:37:20,2034.0,00:33:54,VScode,Development,
308,"Click on ""Create"" button",Left Click,1712651846.21371,08:37:26,10:37:26,2040.0,00:34:00,VScode,Development,
309,"Click on ""Open"" button",Left Click,1712651847.701766,08:37:27,10:37:27,2041.0,00:34:01,VScode,Development,"[2269, 2272, 2275, 1356, 1357, 1358]"
310,"Click on ""New file"" VScode icon",Left Click,1712651852.493755,08:37:32,10:37:32,2046.0,00:34:06,VScode,Development,"[2278, 1544, 2281, 1359, 1360, 2284, 1545, 2287, 2290, 1361]"
311,"Click on ""Trust Folder & Continue"" VScode pop-up button",Left Click,1712651859.005822,08:37:39,10:37:39,2053.0,00:34:13,VScode,Development,"[2294, 1546, 1362, 2297, 1547]"
312,"Check ""Trust the authors of all files in the parent folder 'Documents'"" checkbox",Left Click,1712651862.013836,08:37:42,10:37:42,2056.0,00:34:16,VScode,Development,"[1363, 2300]"
313,"Click on ""Yes, I trust the authors"" VScode pop-up button",Left Click,1712651862.765842,08:37:42,10:37:42,2056.0,00:34:16,VScode,Development,"[1364, 1548]"
314,"Click on ""Create Python File"" button",Left Click,1712651865.629899,08:37:45,10:37:45,2059.0,00:34:19,VScode,Development,
315,"Click on ""Create Python File"" button",Left Click,1712651869.941917,08:37:49,10:37:49,2064.0,00:34:24,VScode,Development,
316,"Close ""Welcome"" VScode tab",Left Click,1712651872.421944,08:37:52,10:37:52,2066.0,00:34:26,VScode,Development,
317,Click on VScode text zone,Left Click,1712651874.917957,08:37:54,10:37:54,2069.0,00:34:29,VScode,Development,
318,Click on VScode text zone,Left Click,1712651875.565978,08:37:55,10:37:55,2069.0,00:34:29,VScode,Development,"[2303, 1365, 2305, 2307, 1549, 2309]"
319,Drag VScode window,Left Click,1712651878.285992,08:37:58,10:37:58,2072.0,00:34:32,VScode,Development,
320,Click on VScode text zone,Left Click,1712651879.230001,08:37:59,10:37:59,2073.0,00:34:33,VScode,Development,"[2311, 1366, 1550, 1551]"
321,Line break,ENTER Key,1712651889.88615,08:38:09,10:38:09,2084.0,00:34:44,VScode,Development,"[2313, 1552, 2315, 1553, 1554, 1555, 2317, 1367, 2319]"
322,"Click on ""Run"" code icon",Left Click,1712651897.798172,08:38:17,10:38:17,2091.0,00:34:51,VScode,Development,"[2321, 1556]"
323,"Click on ""Save As..."" VScode window",Left Click,1712651906.102237,08:38:26,10:38:26,2100.0,00:35:00,VScode,Development,
324,"Select ""greeting - `Hello World`"" string",Left Click,1712651908.27027,08:38:28,10:38:28,2102.0,00:35:02,VScode,Development,[2323]
325,"Click on ""Save"" button",Left Click,1712651914.182323,08:38:34,10:38:34,2108.0,00:35:08,VScode,Development,"[1557, 1368, 1369, 1370]"
326,Drag VScode window,Left Click,1712651925.854513,08:38:45,10:38:45,2120.0,00:35:20,VScode,Development,
327,"Double-click on ""Hello"" string (1)",Left Click,1712651928.590448,08:38:48,10:38:48,2122.0,00:35:22,VScode,Development,
328,"Double-click on ""Hello"" string (2)",Left Click,1712651928.798527,08:38:48,10:38:48,2122.0,00:35:22,VScode,Development,
329,Click on VScode window,Left Click,1712651929.654471,08:38:49,10:38:49,2123.0,00:35:23,VScode,Development,
330,Click on VScode window,Left Click,1712651930.230468,08:38:50,10:38:50,2124.0,00:35:24,VScode,Development,
331,Close VScode window,Left Click,1712651932.414497,08:38:52,10:38:52,2126.0,00:35:26,VScode,Development,"[1558, 1371, 1372]"
332,"Click on ""Open a new tab"" Firefox icon",Left Click,1712651935.390515,08:38:55,10:38:55,2129.0,00:35:29,Firefox,WEB Browsing,"[1373, 2325, 1374, 1391, 1559, 1560, 1392]"
333,Close Youtube tab,Left Click,1712651936.230563,08:38:56,10:38:56,2130.0,00:35:30,Firefox,WEB Browsing,
334,Click on Firefox url bar,Left Click,1712651937.302563,08:38:57,10:38:57,2131.0,00:35:31,Firefox,WEB Browsing,"[2327, 2329, 1393, 1394, 2331, 1395, 2333, 1561, 2335, 1562, 1563, 2337, 1396, 1564, 1397, 1565, 1566, 1567, 1398, 1399, 1400]"
335,"Search ""google doc"" on Google",ENTER Key,1712651947.71867,08:39:07,10:39:07,2141.0,00:35:41,Firefox,WEB Browsing,"[1432, 1568, 1401, 1571, 1570, 1569, 1402, 2339, 1572, 1403, 1573, 1405, 1404, 1574, 1406, 2341, 1407, 1575, 1576, 2345, 2343, 2347, 2349, 2351, 1408, 1409, 1410, 2353, 1577, 1411, 1578, 2355, 1579, 1580, 1581, 1412, 2357, 2359, 1413, 1582, 2361, 1414]"
336,Click on Firefox url bar,Left Click,1712651957.918719,08:39:17,10:39:17,2152.0,00:35:52,Firefox,WEB Browsing,[1415]
337,"Search ""office 365"" on Google",ENTER Key,1712651962.590852,08:39:22,10:39:22,2156.0,00:35:56,Firefox,WEB Browsing,"[2363, 1416, 2365]"
338,"Open ""Office 365"" link",Left Click,1712651964.510777,08:39:24,10:39:24,2158.0,00:35:58,Firefox,WEB Browsing,"[2367, 2369, 1583, 2371, 2373, 1584, 1585, 1417, 1418, 1586, 1419, 1420, 1587, 1588, 1589, 1590, 2377, 2375, 1591, 1592, 2381, 2379, 1421, 1422, 1423, 1424, 2383, 2385, 2387, 2389, 1425, 2391, 1426, 1593, 1594, 1595, 1427, 1596, 1428, 1429, 1597, 1430, 1598, 2393, 1599, 1600, 2395, 1431, 2397, 2399, 1601, 1433, 1602, 1434, 1603, 1435, 1604, 1605, 1606, 1436, 1437, 1438, 1439, 2401, 1607, 1440, 2403]"
339,"Click on ""Sign in"" button",Left Click,1712651979.422915,08:39:39,10:39:39,2173.0,00:36:13,Firefox_Office365,Office,"[2405, 1441, 2407, 1442, 2409, 2411, 2413, 1608, 2415, 1609, 2417, 1443, 1610, 1611, 1612, 1444, 2419, 1445, 1613]"
340,"Click on ""Email"" field",Left Click,1712651983.982959,08:39:43,10:39:43,2178.0,00:36:18,Firefox_Office365,Office,
341,"Click on ""Next"" button",Left Click,1712651993.583037,08:39:53,10:39:53,2187.0,00:36:27,Firefox_Office365,Office,"[2421, 1446]"
342,"Click on ""Password"" field",Left Click,1712651995.551069,08:39:55,10:39:55,2189.0,00:36:29,Firefox_Office365,Office,[2423]
343,"Click on ""Sign in"" button",Left Click,1712652078.823867,08:41:18,10:41:18,2273.0,00:37:53,Firefox_Office365,Office,"[1614, 2425, 1447]"
344,"Click on ""Save"" Firefox pop-up button",Left Click,1712652082.471981,08:41:22,10:41:22,2276.0,00:37:56,Firefox_Office365,Office,
345,"Click on ""Yes"" button",Left Click,1712652083.927906,08:41:23,10:41:23,2278.0,00:37:58,Firefox_Office365,Office,"[1615, 1448, 1616, 2427, 1617, 1618, 2429, 2431, 1620, 1619, 2435, 2433, 1449, 2439, 2437, 2441, 1450, 1621, 1451, 1452, 1453, 1622, 1623, 1454, 1624, 1625, 1455, 1456, 1626, 1457, 2443, 1627, 2445, 1628, 2447, 1458]"
346,"Click on ""Create"" icon button",Left Click,1712652093.279975,08:41:33,10:41:33,2287.0,00:38:07,Firefox_Office365,Office,"[2449, 2451, 2453, 2455, 1629, 1630, 2457, 1631, 1632, 2459, 1634, 1633, 2461, 2463, 2465, 1459, 1460, 1461, 2467, 1462, 2469, 2471, 1463, 2475, 2473, 2477]"
347,"Click on ""Create"" icon button",Left Click,1712652100.464074,08:41:40,10:41:40,2294.0,00:38:14,Firefox_Office365,Office,"[2479, 1464, 1635, 2481, 1465, 2483, 2484, 1636, 2485, 1466, 1467, 1468, 2486, 1469, 1637, 1638, 2487, 1640, 1641, 1642, 2488, 1470, 1471, 2489, 1643, 1644, 1472, 2490, 1474, 1475, 1476, 1477, 1478, 1479, 1480, 1645, 1646, 1481, 1482, 1647, 1648, 1483, 1484, 1485, 1486, 1487, 1488, 1649, 2491, 1650, 2492, 1651, 1489, 2493, 2494, 1490, 1491, 1652, 1492, 1493, 2495, 2496, 2497, 1496, 1495, 1653, 1494, 2498, 2499, 1654]"
348,"Click on ""Presentation"" icon button",Left Click,1712652109.776129,08:41:49,10:41:49,2303.0,00:38:23,Firefox_Office365,Office,"[1655, 2500, 2501, 1497, 1656, 1667, 2502, 1498, 1499, 1500, 2503, 2504, 2505, 2506, 1501, 1668, 2507, 1669, 2508, 1502, 1831, 2509, 2510, 2511, 1832, 1670, 1833, 2512, 2513, 1671, 1672, 2514, 1834, 2515, 2516, 1673, 1835, 2517, 1837, 1836, 2518, 1838, 2519, 1674, 2520, 1839]"
349,"Click on ""Click to add title"" field",Left Click,1712652121.736243,08:42:01,10:42:01,2315.0,00:38:35,Firefox_Office365,Office,"[1657, 1473, 1675, 1840, 1841, 1842, 2521, 1676, 1677, 1678, 2522, 1843]"
350,"Click on ""Design"" menu button",Left Click,1712652128.208308,08:42:08,10:42:08,2322.0,00:38:42,Firefox_Office365,Office,"[2523, 1679, 1680, 2524, 2525, 2526, 2527, 1844, 2528, 1681, 2529, 1845, 1682, 2530, 2531, 1683, 1684, 1685, 1846, 2532, 1847, 2533, 2535, 2537, 2536, 1848, 1849, 1686, 2538, 2539, 1850, 1851, 1687, 1852, 1688, 1689, 2540, 1853, 2541, 1690, 1854, 1855, 1856, 2542, 1691, 1857, 1692, 2543, 2544, 2545, 1858, 2546, 1693, 2547, 1694, 1859, 2548, 1860, 1861, 1695, 1862, 2549, 1863, 1864, 1696, 1865, 2550, 2551, 2552, 1697, 2553, 1866, 2554, 2555, 1698, 2556, 2557, 1867, 1868, 1869, 2558, 1870, 1699, 2559, 1872, 1871, 1700, 1701, 2560, 1873, 2561, 1874, 1702, 1703, 2562, 1704, 2563]"
351,Close Office 365 pop-up,Left Click,1712652176.928816,08:42:56,10:42:56,2371.0,00:39:31,Firefox_Office365,Office,"[1705, 1875, 1876]"
352,"Click on ""Transitions"" menu button",Left Click,1712652178.256922,08:42:58,10:42:58,2372.0,00:39:32,Firefox_Office365,Office,"[1706, 1877]"
353,"Click on ""Design"" menu button",Left Click,1712652179.872876,08:42:59,10:42:59,2374.0,00:39:34,Firefox_Office365,Office,"[1878, 1879, 2564]"
354,"Click on ""Technology"" search picture button",Left Click,1712652188.848919,08:43:08,10:43:08,2383.0,00:39:43,Firefox_Office365,Office,"[1707, 1880, 1708, 1709, 2565, 2566, 1881, 1710, 2567, 1711, 1712, 2568, 1882, 1713, 2569, 1883, 1884, 2570, 1885, 1714, 1886, 2571, 2572, 2573, 2574, 2575, 1887, 1888, 1715, 1716, 2576, 1891, 1890, 1889, 2577, 1717, 1892, 2578, 2579, 2580, 1718, 2581, 1719, 1720, 1721, 1893]"
355,Select a picture,Left Click,1712652212.297184,08:43:32,10:43:32,2406.0,00:40:06,Firefox_Office365,Office,"[1722, 2582, 1723, 1724, 1725]"
356,Click on the picture,Left Click,1712652217.177185,08:43:37,10:43:37,2411.0,00:40:11,Firefox_Office365,Office,"[1894, 1895, 1896]"
357,"Click on ""Design"" menu button",Left Click,1712652219.449182,08:43:39,10:43:39,2413.0,00:40:13,Firefox_Office365,Office,"[2584, 2583, 1897]"
358,"Click on ""More theme"" arrow icon",Left Click,1712652222.329221,08:43:42,10:43:42,2416.0,00:40:16,Firefox_Office365,Office,"[2585, 2586]"
359,Select a theme,Left Click,1712652226.457311,08:43:46,10:43:46,2420.0,00:40:20,Firefox_Office365,Office,"[1898, 1726, 2587, 1727, 1728]"
360,"Click on ""Click to add title"" field",Left Click,1712652229.569341,08:43:49,10:43:49,2423.0,00:40:23,Firefox_Office365,Office,"[1729, 1899, 2588, 2589, 1658, 1730, 1659, 2590, 1900, 2591, 1731, 1901, 1902, 2592, 2593, 1732, 1903, 1904, 1733, 1734, 2594, 2595, 1905, 2596, 1735, 2597, 1906, 2598, 2599, 1907, 1736, 2600, 1660, 1737, 1738, 2601, 1739, 2602]"
361,"Click on ""Click to add title"" field",Left Click,1712652330.49027,08:45:30,10:45:30,2524.0,00:42:04,Firefox_Office365,Office,"[1908, 1740]"
362,"Select ""Results"" string",Left Click,1712652336.98636,08:45:36,10:45:36,2531.0,00:42:11,Firefox_Office365,Office,[1909]
363,"Click on ""File"" menu button",Left Click,1712652338.386358,08:45:38,10:45:38,2532.0,00:42:12,Firefox_Office365,Office,[1987]
364,Click on Firefox window,Left Click,1712652340.202359,08:45:40,10:45:40,2534.0,00:42:14,Firefox_Office365,Office,
365,"Click on ""Home"" menu button",Left Click,1712652341.770435,08:45:41,10:45:41,2535.0,00:42:15,Firefox_Office365,Office,"[1910, 1911, 1741, 1912]"
366,"Click on ""Click to add title"" field",Left Click,1712652344.962426,08:45:44,10:45:44,2539.0,00:42:19,Firefox_Office365,Office,
367,"Click on ""Click to add title"" field",Left Click,1712652345.378412,08:45:45,10:45:45,2539.0,00:42:19,Firefox_Office365,Office,"[1913, 1914, 1742, 1743, 1744, 2603, 2604, 2605, 1915, 1916, 1745, 1917, 1746, 1918, 2606, 2607, 2608, 2609, 2610, 1662, 1747, 1919, 1748, 1920, 2611, 1921, 1749, 1750, 2612, 1922, 1751, 2613, 1923, 1752, 2614, 1753, 2615, 1754, 1924, 1663, 1504, 1925, 1926, 1755, 1756, 1927, 1928, 1929, 2616, 1757]"
368,"Open context menu of ""Office 365"" presentation",Right Click,1712652507.204062,08:48:27,10:48:27,2701.0,00:45:01,Firefox_Office365,Office,"[2617, 1930]"
369,"Click on ""New Slide"" proposition",Left Click,1712652508.88411,08:48:28,10:48:28,2703.0,00:45:03,Firefox_Office365,Office,"[1758, 1759, 1760]"
370,Click on New Slide,Left Click,1712652510.100054,08:48:30,10:48:30,2704.0,00:45:04,Firefox_Office365,Office,[1761]
371,"Click on ""Click to add title"" field",Left Click,1712652515.812174,08:48:35,10:48:35,2709.0,00:45:09,Firefox_Office365,Office,"[2618, 2619, 1762, 2620]"
372,Click on Firefox window,Left Click,1712652524.060197,08:48:44,10:48:44,2718.0,00:45:18,Firefox_Office365,Office,
373,Click on Firefox window,Left Click,1712652526.276214,08:48:46,10:48:46,2720.0,00:45:20,Firefox_Office365,Office,
374,Open Thunderbird app,Left Click,1712652532.236293,08:48:52,10:48:52,2726.0,00:45:26,Thunderbird,Email,
375,"Open ""New link"" mail",Left Click,1712652533.86833,08:48:53,10:48:53,2728.0,00:45:28,Thunderbird,Email,
376,"Click on ""Zoom"" Thunderbird mail link",Left Click,1712652537.492362,08:48:57,10:48:57,2731.0,00:45:31,Zoom,Visioconference,"[1931, 1763, 1764, 1765, 2621, 1932, 1766, 1767, 1768, 2622, 2623, 1933, 2624, 1769, 1770, 2625, 1934, 1771, 2626, 1772, 1773, 1935, 2627, 2628, 1774, 1775, 1776, 2629, 1936, 1937, 1777, 1938, 2630, 1664, 1939, 1665, 1940, 2631, 1778, 1779]"
377,"Click on ""Open Link"" Firefox pop-up button",Left Click,1712652564.748604,08:49:24,10:49:24,2758.0,00:45:58,Zoom,Visioconference,"[2632, 2633, 1941, 1780, 1942, 2634, 1943]"
378,"Click on ""Cancel"" Ubuntu pop-up button",Left Click,1712652570.068661,08:49:30,10:49:30,2764.0,00:46:04,Zoom,Visioconference,
379,"Click on ""ACCEPT COOKIES"" button",Left Click,1712652571.132703,08:49:31,10:49:31,2765.0,00:46:05,Zoom,Visioconference,"[2635, 1781, 2636, 1944]"
380,"Click on ""Launch Meeting"" button",Left Click,1712652573.940711,08:49:33,10:49:33,2768.0,00:46:08,Zoom,Visioconference,"[1945, 1946, 2637, 1947]"
381,"Check ""Always allow to open Zoom links"" Firefox pop-up checkbox",Left Click,1712652578.956735,08:49:38,10:49:38,2773.0,00:46:13,Zoom,Visioconference,[2638]
382,"Click on ""Cancel"" Firefox pop-up button",Left Click,1712652583.564909,08:49:43,10:49:43,2777.0,00:46:17,Zoom,Visioconference,
383,"Click on ""Join from Your Browser"" link",Left Click,1712652584.708807,08:49:44,10:49:44,2778.0,00:46:18,Zoom,Visioconference,"[2639, 1782, 1783, 2640, 1948, 1949, 1950, 1784, 1951, 1785]"
384,"Click on ""I Agree"" button",Left Click,1712652589.172859,08:49:49,10:49:49,2783.0,00:46:23,Zoom,Visioconference,"[2641, 2642, 1786, 2643, 1787, 2644, 1952, 1788, 1789, 1639, 1953, 1790, 2646, 2645, 1954, 2647, 1955, 1791]"
385,"Click on ""Start video"" button icon",Left Click,1712652598.036968,08:49:58,10:49:58,2792.0,00:46:32,Zoom,Visioconference,[1956]
386,"Click on ""Allow"" Firefox pop-up button",Left Click,1712652601.908972,08:50:01,10:50:01,2796.0,00:46:36,Zoom,Visioconference,[1792]
387,"Click on ""Join audio"" button icon",Left Click,1712652605.101001,08:50:05,10:50:05,2799.0,00:46:39,Zoom,Visioconference,"[1793, 1794, 1957, 2648, 2649]"
388,"Click on ""Your Name"" field",Left Click,1712652608.26103,08:50:08,10:50:08,2802.0,00:46:42,Zoom,Visioconference,
389,"Click on ""Allow"" Firefox pop-up button",Left Click,1712652613.437099,08:50:13,10:50:13,2807.0,00:46:47,Zoom,Visioconference,
390,"Click on ""Your Name"" field",Left Click,1712652614.445143,08:50:14,10:50:14,2808.0,00:46:48,Zoom,Visioconference,
391,"Check ""Remember my name"" checkbox",Left Click,1712652617.909266,08:50:17,10:50:17,2812.0,00:46:52,Zoom,Visioconference,
392,"Click on ""Mute"" microphone button icon",Left Click,1712652621.261206,08:50:21,10:50:21,2815.0,00:46:55,Zoom,Visioconference,"[1830, 1795, 2650, 1958, 1796]"
393,"Click on ""Join"" button",Left Click,1712652633.661308,08:50:33,10:50:33,2827.0,00:47:07,Zoom,Visioconference,"[2651, 1661, 2652, 2653, 2654, 1959, 1797, 1798, 2655, 1799, 1960, 2656, 1800, 1801, 1961, 1802, 1803, 1962, 1804, 1963, 1805, 2657, 1964, 1806, 1965]"
394,"Click on ""Always Block"" Firefox pop-up button",Left Click,1712652641.037372,08:50:41,10:50:41,2835.0,00:47:15,Zoom,Visioconference,"[1807, 1808, 1809, 1966, 1810, 1811, 1812, 1813, 1967, 2658, 2659, 1968, 1969, 1970, 1814, 1815, 2660, 1666, 1971, 1816, 1972, 1973]"
395,"Click on ""Stop Video"" Zoom button icon",Left Click,1712652739.422408,08:52:19,10:52:19,2933.0,00:48:53,Zoom,Visioconference,"[1817, 1974, 1818, 2662, 1819, 2664]"
396,"Click on ""Start Video"" Zoom button icon",Left Click,1712652741.182374,08:52:21,10:52:21,2935.0,00:48:55,Zoom,Visioconference,[1975]
397,"Click on ""Chat"" Zoom button icon",Left Click,1712652754.206563,08:52:34,10:52:34,2948.0,00:49:08,Zoom,Visioconference,
398,"Click on ""Chat"" text field",Left Click,1712652756.28654,08:52:36,10:52:36,2950.0,00:49:10,Zoom,Visioconference,[2666]
399,"Send ""Chat"" message",ENTER Key,1712652770.702716,08:52:50,10:52:50,2964.0,00:49:24,Zoom,Visioconference,"[2668, 1976, 2670, 1977]"
400,"Send ""Chat"" message",ENTER Key,1712652781.726831,08:53:01,10:53:01,2975.0,00:49:35,Zoom,Visioconference,"[1978, 1979, 1980, 1820, 2672, 1981]"
401,"Click on ""Leave"" Zoom button",Left Click,1712652793.670965,08:53:13,10:53:13,2987.0,00:49:47,Zoom,Visioconference,
402,"Click on ""Leave meeting"" Zoom button",Left Click,1712652794.870932,08:53:14,10:53:14,2989.0,00:49:49,Zoom,Visioconference,
403,"Click on ""Join Meeting"" button",Left Click,1712652796.823013,08:53:16,10:53:16,2991.0,00:49:51,Zoom,Visioconference,
404,Open Thunderbird window,Left Click,1712652799.063012,08:53:19,10:53:19,2993.0,00:49:53,Thunderbird,Email,
405,"Click on ""Zoom"" Thunderbird mail link",Left Click,1712652800.799061,08:53:20,10:53:20,2994.0,00:49:54,Thunderbird,Email,"[1821, 1822, 2674]"
406,Open Firefox window,Left Click,1712652803.951022,08:53:23,10:53:23,2998.0,00:49:58,Firefox,WEB Browsing,"[2676, 2678]"
407,"Close ""Office 365"" tab",Wheel Click,1712652806.655048,08:53:26,10:53:26,3000.0,00:50:00,Firefox,WEB Browsing,
408,"Close ""Office 365 Presentation"" tab",Wheel Click,1712652807.279046,08:53:27,10:53:27,3001.0,00:50:01,Firefox,WEB Browsing,"[2680, 1982, 1983, 2682, 1823, 1984, 1985, 2097, 2684, 2099, 1825, 1824, 2686, 1826, 1827, 1989, 2101, 2688, 1990, 2690, 2103]"
409,"Move to ""Zoom Join Metting"" tab",Left Click,1712652812.527112,08:53:32,10:53:32,3006.0,00:50:06,Firefox,WEB Browsing,
410,"Close ""Zoom join Meeting"" tab",Wheel Click,1712652813.455116,08:53:33,10:53:33,3007.0,00:50:07,Firefox,WEB Browsing,
411,"Click on ""Cancel"" Firefox pop-up button",Left Click,1712652816.943198,08:53:36,10:53:36,3011.0,00:50:11,Zoom,Visioconference,[1991]
412,"Click on ""Join from Your Browser"" link",Left Click,1712652818.28717,08:53:38,10:53:38,3012.0,00:50:12,Zoom,Visioconference,"[2692, 2694, 2105, 2136, 2696, 2698, 1992, 2700, 2138, 1993, 1994, 2702, 1995, 1996, 2140, 2142, 2704, 2144, 1997, 1998, 1999, 2000, 2001]"
413,"Click on ""Allow"" Firefox pop-up button",Left Click,1712652828.119261,08:53:48,10:53:48,3022.0,00:50:22,Zoom,Visioconference,
414,"Click on ""Camera"" Firefox pop-up dropdown",Left Click,1712652832.039313,08:53:52,10:53:52,3026.0,00:50:26,Zoom,Visioconference,
415,"Click on ""Camera"" Firefox pop-up dropdown",Left Click,1712652833.615353,08:53:53,10:53:53,3027.0,00:50:27,Zoom,Visioconference,
416,"Click on ""Allow"" Firefox pop-up button",Left Click,1712652834.367328,08:53:54,10:53:54,3028.0,00:50:28,Zoom,Visioconference,"[2002, 2003, 1828, 1829, 2004, 2706, 2005, 2708]"
417,"Click on ""Activities"" Ubuntu button",Left Click,1712652855.175535,08:54:15,10:54:15,3049.0,00:50:49,Ubuntu,System,
418,"Open Ubuntu ""Settings"" ",ENTER Key,1712652867.591709,08:54:27,10:54:27,3061.0,00:51:01,Ubuntu,System,"[2006, 2007, 2710, 2008, 2712]"
419,"Click on ""Search"" icon",Left Click,1712652871.431771,08:54:31,10:54:31,3065.0,00:51:05,Ubuntu,System,[2146]
420,"Click on ""Sound"" menu button",Left Click,1712652879.791813,08:54:39,10:54:39,3073.0,00:51:13,Ubuntu,System,"[2714, 2009, 2716]"
421,"Click on ""Settings"" window",Left Click,1712652883.695814,08:54:43,10:54:43,3077.0,00:51:17,Ubuntu,System,
422,"Click on ""Displays"" menu button",Left Click,1712652887.039874,08:54:47,10:54:47,3081.0,00:51:21,Ubuntu,System,[2148]
423,"Click on ""Sharing"" menu button",Left Click,1712652890.303924,08:54:50,10:54:50,3084.0,00:51:24,Ubuntu,System,
424,"Click on ""Applications"" menu button",Left Click,1712652892.799972,08:54:52,10:54:52,3086.0,00:51:26,Ubuntu,System,"[2150, 2718, 2152, 2010, 2154, 2011, 2012, 1986]"
425,"Close ""Settings"" window",Left Click,1712652896.863986,08:54:56,10:54:56,3091.0,00:51:31,Ubuntu,System,
426,"Click on ""Stop Video"" Zoom button icon",Left Click,1712652899.175997,08:54:59,10:54:59,3093.0,00:51:33,Zoom,Visioconference,
427,"Click on ""Open a new tab"" Firefox icon",Left Click,1712652902.416032,08:55:02,10:55:02,3096.0,00:51:36,Firefox,WEB Browsing,"[2720, 2156, 2158, 2722, 1988, 2160, 2162, 2724, 2726, 2728, 2730, 2164, 2013, 2014, 2166, 2732, 2015, 2016, 2734, 2736, 2738, 2017]"
428,"Close ""Zoom"" tab",Wheel Click,1712652906.048075,08:55:06,10:55:06,3100.0,00:51:40,Firefox,WEB Browsing,
429,"Click on ""zoom install"" search proposition",Left Click,1712652908.320109,08:55:08,10:55:08,3102.0,00:51:42,Firefox,WEB Browsing,"[2168, 2740, 2742, 2018, 2744, 2019, 2020, 2746, 2021, 2748, 2022, 2170, 2750]"
430,"Click on ""Download Zoom Desktop client"" link",Left Click,1712652913.368197,08:55:13,10:55:13,3107.0,00:51:47,Firefox,WEB Browsing,"[2172, 2752, 2754, 2756, 2023, 2758, 2760, 2175, 2762, 2177, 2764, 2179, 2024, 2181, 2183, 2025, 2185, 2026, 2187, 2189, 2766, 2027, 2028, 2768, 2770, 2029, 2191, 2030, 2193, 2772, 2031, 2774, 2776, 2778, 2195, 2197, 2780, 2199, 2201, 2032, 2782, 2784, 2786, 2788, 2033, 2035, 2034, 2790, 2036, 2037, 2038, 2792, 2203, 2039, 2040, 2205, 2207, 2041, 2042, 2209]"
431,"Click on ""ACCEPT COOKIES"" button",Left Click,1712652938.264446,08:55:38,10:55:38,3132.0,00:52:12,Firefox,WEB Browsing,"[2794, 2796, 2211, 2213, 2043, 2044, 2798, 2800, 2215, 2802, 2045, 2217, 2046, 2804, 2219, 2047, 2048, 2806, 2221, 2049, 2050, 2051, 2223, 2052, 2053, 2054, 2808, 2225, 2227, 2810, 2812, 2055, 2229, 2814, 2056, 2231, 2057, 2816, 2818, 2058, 2233, 2820, 2822, 2235, 2059, 2060, 2061, 2237, 2062, 2239, 2824, 2828, 2826, 2831, 2063, 2064, 2065, 2066, 2067, 2068, 2069, 2241, 2833]"
432,"Open ""Download Center"" link",Wheel Click,1712652947.232483,08:55:47,10:55:47,3141.0,00:52:21,Firefox,WEB Browsing,"[2070, 2835, 2243, 2071, 2245, 2247, 2072, 2837, 2249, 2252, 2839, 2841, 2843, 2844, 2255, 2258, 2261, 2073, 2264, 2267, 2074, 2075, 2845, 2076, 2846, 2847, 2270, 2848, 2077, 2078, 2273, 2276, 2279, 2282, 2079, 2081, 2285, 2082, 2288, 2291, 2293, 2296, 2083, 2084, 2085, 2086, 2849, 2850, 2851, 2852, 2853, 2087, 2088, 2302, 2854, 2299, 2855, 2304, 2306, 2856, 2310, 2308, 2312, 2857, 2858, 2314, 2089, 2859, 2090, 2860, 2091, 2861, 2862, 2316, 2092, 2318, 2320, 2322]"
433,"Open ""Zoom Linux"" link",Wheel Click,1712652949.544494,08:55:49,10:55:49,3143.0,00:52:23,Firefox,WEB Browsing,"[2324, 2326, 2328, 2093, 2330, 2863, 2094, 2864, 2332, 2095, 2865, 2334, 2336, 2338, 2867, 2866, 2096, 2098, 2100, 2102, 2868, 2869, 2870, 2340, 2342, 2344, 2871, 2872, 2104, 2106, 2873, 2107, 2874, 2346, 2875, 2876, 2108, 2877, 2109, 2878, 2348, 2110, 2111, 2880, 2350, 2352, 2112, 2354, 2882, 2080, 2356, 2114, 2884, 2113, 2115, 2116, 2358, 2117, 2360, 2886, 2888, 2118, 2362, 2119, 2120, 2121, 2890, 2364, 2366, 2892, 2368, 2122, 2370, 2372, 2374, 2123, 2894, 2896, 2376, 2124, 2125, 2378, 2126, 2127, 2898, 2380, 2900, 2382, 2902, 2128, 2129, 2130, 2384, 2131, 2386, 2904, 2132, 2906]"
434,"Moving to ""Zoom Linux"" tab",Left Click,1712652953.240527,08:55:53,10:55:53,3147.0,00:52:27,Firefox,WEB Browsing,"[2908, 2388, 2910, 2390, 2133, 2134, 2912, 2914, 2916, 2392, 2394, 2396, 2398, 2135, 2137, 2139, 2141, 2918, 2920, 2400, 2402, 2143, 2404, 2922, 2924, 2145, 2406, 2147, 2926, 2149, 2930, 2928, 2932, 2408, 2934, 2936, 2151, 2410, 2938, 2412, 2414, 2153, 2155, 2940, 2157, 2416, 2159, 2942, 2161, 2944, 2418, 2163, 2165, 2946, 2948]"
435,"Click on ""Using the terminal"" link",Left Click,1712652960.752711,08:56:00,10:56:00,3154.0,00:52:34,Firefox,WEB Browsing,[2950]
436,"Open ""Download Center 2"" link",Wheel Click,1712652967.808703,08:56:07,10:56:07,3161.0,00:52:41,Firefox,WEB Browsing,
437,"Moving to ""Download Center 2"" tab",Left Click,1712652968.856701,08:56:08,10:56:08,3163.0,00:52:43,Firefox,WEB Browsing,
438,"Close ""Download Center"" tab",Wheel Click,1712652970.464705,08:56:10,10:56:10,3164.0,00:52:44,Firefox,WEB Browsing,"[2167, 2169]"
439,"Click on ""Linux Type"" dropdown",Left Click,1712652972.98473,08:56:12,10:56:12,3167.0,00:52:47,Firefox,WEB Browsing,"[2171, 2420, 2952]"
440,"Select ""Ubuntu"" proposition",Left Click,1712652973.888742,08:56:13,10:56:13,3168.0,00:52:48,Firefox,WEB Browsing,
441,"Click on ""Download"" button",Left Click,1712652975.216753,08:56:15,10:56:15,3169.0,00:52:49,Firefox,WEB Browsing_Download,"[2422, 2424, 2426, 2173, 2428, 2954]"
442,Open terminal window,Left Click,1712652978.91282,08:56:18,10:56:18,3173.0,00:52:53,Terminal,System,
443,Click on terminal command field,Left Click,1712652980.096809,08:56:20,10:56:20,3174.0,00:52:54,Terminal,System,"[2430, 2957, 2959, 2174, 2432]"
444,"Run ""sudo dpkg -i zoom_amd64.deb"" command",ENTER Key,1712652990.441053,08:56:30,10:56:30,3184.0,00:53:04,Terminal,System,
445,Validate password,ENTER Key,1712652992.93705,08:56:32,10:56:32,3187.0,00:53:07,Terminal,System,[2176]
446,Click on terminal window,Left Click,1712653023.041296,08:57:03,10:57:03,3217.0,00:53:37,Terminal,System,
447,"Select ""libxcb-xinerama0"" (1)",Left Click,1712653027.497367,08:57:07,10:57:07,3221.0,00:53:41,Terminal,System,
448,"Select ""libxcb-xinerama0"" (2)",Left Click,1712653027.66537,08:57:07,10:57:07,3221.0,00:53:41,Terminal,System,
449,"Paste ""libxcb-xinerama0""",Wheel Click,1712653028.641372,08:57:08,10:57:08,3222.0,00:53:42,Terminal,System,
450,"Select ""libxcb-xtest0"" (1)",Left Click,1712653029.521367,08:57:09,10:57:09,3223.0,00:53:43,Terminal,System,
451,"Select ""libxcb-xtest0"" (2)",Left Click,1712653029.68136,08:57:09,10:57:09,3223.0,00:53:43,Terminal,System,
452,"Paste ""libxcb-xtest0"" ",Wheel Click,1712653030.105374,08:57:10,10:57:10,3224.0,00:53:44,Terminal,System,
453,"Select ""libxcb-cursor0"" (1)",Left Click,1712653030.945397,08:57:10,10:57:10,3225.0,00:53:45,Terminal,System,
454,"Select ""libxcb-cursor0"" (2)",Left Click,1712653031.097418,08:57:11,10:57:11,3225.0,00:53:45,Terminal,System,
455,"Paste ""libxcb-cursor0""",Wheel Click,1712653031.449374,08:57:11,10:57:11,3225.0,00:53:45,Terminal,System,
456,"Run ""sudo apt install libxcb-xinerama0 libxcb-xtest0 libxcb-cursor0"" command",ENTER Key,1712653032.209396,08:57:12,10:57:12,3226.0,00:53:46,Terminal,System_Download,"[2961, 2964, 2434, 2436]"
457,"Run ""sudo dpkg -i zoom_amd64.deb"" command",ENTER Key,1712653039.041463,08:57:19,10:57:19,3233.0,00:53:53,Terminal,System,"[2967, 2438]"
458,"Close ""Download Zoom Desktop client"" tab",Wheel Click,1712653065.425691,08:57:45,10:57:45,3259.0,00:54:19,Firefox,WEB Browsing,"[2440, 2178, 2180, 2970, 2182]"
459,"Close ""Zoom Linux"" tab",Wheel Click,1712653065.881791,08:57:45,10:57:45,3260.0,00:54:20,Firefox,WEB Browsing,[2442]
460,Open Thunderbird window,Left Click,1712653066.905702,08:57:46,10:57:46,3261.0,00:54:21,Thunderbird,Email,
461,"Click on ""Zoom"" Thunderbird mail link",Left Click,1712653069.169753,08:57:49,10:57:49,3263.0,00:54:23,Thunderbird,Email,
462,"Click on ""Open Link"" Firefox pop-up button",Left Click,1712653070.737782,08:57:50,10:57:50,3264.0,00:54:24,Zoom,Visioconference,"[2444, 2973, 2184, 2975, 2186, 2446, 2977, 2188, 2979, 2190, 2448, 2981, 2192, 2450]"
463,"Click on ""Launch meeting""",Left Click,1712653076.521806,08:57:56,10:57:56,3270.0,00:54:30,Zoom,Visioconference,"[2452, 2194, 2196, 2983, 2454, 2456, 2198]"
464,"Select ""user"" string",Left Click,1712653087.777922,08:58:07,10:58:07,3281.0,00:54:41,Zoom,Visioconference,
465,"Click on ""Join"" Zoom button",Left Click,1712653091.466068,08:58:11,10:58:11,3285.0,00:54:45,Zoom,Visioconference,
466,"Click on ""I Agree"" Zoom pop-up button",Left Click,1712653093.018021,08:58:13,10:58:13,3287.0,00:54:47,Zoom,Visioconference,
467,"Click on ""Join"" button",Left Click,1712653097.37806,08:58:17,10:58:17,3291.0,00:54:51,Zoom,Visioconference,"[2458, 2200, 2985, 2202, 2204, 2987, 2989, 2460, 2462, 2991, 2994, 2996, 2998, 2206, 2464, 3000, 3002, 3004, 3006, 2466, 2208, 2468, 2470, 2210, 3008, 3010, 2472, 2474, 2476, 3012, 2212, 2478, 2480, 2482]"
468,Drag Zoom window,Left Click,1712653101.202065,08:58:21,10:58:21,3295.0,00:54:55,Zoom,Visioconference,"[2214, 3016, 3014, 3018, 3020, 2216, 2830, 2218, 3022]"
469,"Click on ""Join with Computer Audio"" button",Left Click,1712653108.842158,08:58:28,10:58:28,3303.0,00:55:03,Zoom,Visioconference,
470,"Close ""Summarize your meeting with AI"" Zoom pop-up",Left Click,1712653114.178196,08:58:34,10:58:34,3308.0,00:55:08,Zoom,Visioconference,
471,"Click on ""Zoom Whiteboard"" Zoom pop-up",Left Click,1712653117.906221,08:58:37,10:58:37,3312.0,00:55:12,Zoom,Visioconference,[2220]
472,"Close ""Zoom Whiteboard"" Zoom pop-up",Left Click,1712653129.922359,08:58:49,10:58:49,3324.0,00:55:24,Zoom,Visioconference,"[3024, 3026, 2956, 2222, 2224, 2960, 2226, 2228, 2230, 2232, 3028, 2963, 2234]"
473,"Click on ""Share screen""",Left Click,1712653154.95462,08:59:14,10:59:14,3349.0,00:55:49,Zoom,Visioconference,
474,"Click on ""Stop Video"" Zoom button icon",Left Click,1712653166.490739,08:59:26,10:59:26,3360.0,00:56:00,Zoom,Visioconference,"[2236, 3030, 2966, 2238, 2240, 3032, 3034, 2242, 2969, 3036, 2972, 3060, 3040, 3063, 2244, 2246, 3066, 3069, 2248, 3042, 3044, 3072, 2250, 3046, 2253, 3048, 3075, 3078, 3081, 3085, 2256, 3089, 3092, 2259, 3050, 3096, 3099, 3103, 3052, 3054, 3056, 3106, 3109, 2262, 2265, 2268, 3111, 3058, 2271, 3113, 3119, 2274, 3117, 3115, 3121, 2277, 3061, 3064, 2280, 3123, 3125, 2283, 3127, 3067, 3070, 2286, 2289, 3073, 3076, 2292, 3129, 3131, 3079, 3083, 3133, 3135, 3087, 3091, 3137, 2295, 3094, 3139, 3097, 3100, 3104, 3141, 2298]"
475,"Click on ""Advanced"" button",Left Click,1712653189.450961,08:59:49,10:59:49,3383.0,00:56:23,Zoom,Visioconference,[3038]
476,"Click on ""Basic"" button",Left Click,1712653198.419055,08:59:58,10:59:58,3392.0,00:56:32,Zoom,Visioconference,
477,"Select ""Use system window capture"" button icon",Left Click,1712653207.691149,09:00:07,11:00:07,3401.0,00:56:41,Zoom,Visioconference,
478,"Click on ""Share"" button",Left Click,1712653218.563261,09:00:18,11:00:18,3412.0,00:56:52,Zoom,Visioconference,
479,"Try to drag ""Screen Share""",Left Click,1712653235.179439,09:00:35,11:00:35,3429.0,00:57:09,Zoom,Visioconference,[2301]
480,Select Firefox screen,Left Click,1712653240.483487,09:00:40,11:00:40,3434.0,00:57:14,Zoom,Visioconference,"[3107, 3579, 3262, 2661, 3263, 3580, 3581, 3582]"
481,"Click on ""Share"" button",Left Click,1712653253.323623,09:00:53,11:00:53,3447.0,00:57:27,Zoom,Visioconference,[2663]
482,Click on Firefox window,Left Click,1712653255.835648,09:00:55,11:00:55,3450.0,00:57:30,Zoom,Visioconference,
483,Drag Firefox window,Left Click,1712653260.131678,09:01:00,11:01:00,3454.0,00:57:34,Zoom,Visioconference,
484,"Close ""Zoom"" tab",Left Click,1712653262.243679,09:01:02,11:01:02,3456.0,00:57:36,Zoom,Visioconference,"[3264, 2665, 2667]"
485,Click on Firefox url bar,Left Click,1712653263.179677,09:01:03,11:01:03,3457.0,00:57:37,Firefox,WEB Browsing,"[2669, 3583, 3265, 2671]"
486,"Click on ""www.office.com"" search proposition",Left Click,1712653268.643808,09:01:08,11:01:08,3462.0,00:57:42,Firefox,WEB Browsing,"[3585, 3584, 3266, 3267, 2673, 2675, 3586, 3268, 2679, 2677, 3269, 3270, 3587, 2683, 2681]"
487,Enlarge Firefox window,Left Click,1712653273.867712,09:01:13,11:01:13,3468.0,00:57:48,Firefox,WEB Browsing,"[3247, 2685, 2687, 2689, 3271, 3272, 3273, 2534, 3274, 2691, 3275, 3276, 2693, 3588, 3277, 3278, 3589, 3590, 3591, 3592, 3280, 3279, 2695, 3593, 3281, 2697, 3594, 2699, 2701, 3282, 2703, 2705, 2707, 3283, 3284, 3595, 3285, 2709, 3596, 2713, 2711, 3597, 3598, 2715, 3599, 3600, 3286, 3287, 2717, 2719, 2721, 2723, 3288, 3289, 3290, 3601, 3602, 3603, 2725, 3604, 2727, 3291, 2729, 3605, 3292, 2731, 3606, 3293, 2733, 3294, 3295, 3296, 3297, 3607, 3608, 3298, 3609, 3299, 2735, 2737, 2739, 3610, 3300, 2741]"
488,"Click on ""Presentation Template"" button icon",Left Click,1712653293.483772,09:01:33,11:01:33,3487.0,00:58:07,Firefox_Office365,Office,"[3611, 3612, 2743, 3301, 3302, 3303, 2745, 3613, 3304, 3614, 3305, 3615, 3306, 3616, 3307, 3617, 3618, 3308, 3619, 3309, 3310]"
489,"Click on ""Back"" Firefox icon",Left Click,1712653296.331786,09:01:36,11:01:36,3490.0,00:58:10,Firefox_Office365,Office,"[3311, 3620, 3312, 2747, 2749, 2751, 3313, 2753, 2755, 3621, 2757, 3622, 3623, 3314, 3624, 3625, 2759, 2761, 2763, 3626, 2765, 3627, 3628, 3629, 2767, 2769, 3315, 3630, 3316, 2771, 3631, 3632, 2773, 3633, 3317, 2775, 3634, 2777, 2779, 3635, 3636, 3637, 3638, 3639, 3640, 3641]"
490,"Click on ""PowerPoint"" menu icon",Left Click,1712653315.443849,09:01:55,11:01:55,3509.0,00:58:29,Firefox_Office365,Office,"[3642, 3319, 3318, 3643, 3320, 2781, 3321, 2783, 3322, 2785, 2787, 3644, 2789, 3323, 2791, 2793, 2795, 3324, 3325, 2797, 2799, 3645, 3646, 3647, 3648, 2801, 3649, 2803, 2805, 3650, 3326, 3327, 3328]"
491,"Click on ""Presentation1"" button",Left Click,1712653332.971897,09:02:12,11:02:12,3527.0,00:58:47,Firefox_Office365,Office,"[3651, 3329, 3330, 2807, 3652, 2809, 3331, 2811, 3653, 2813, 3654, 2815, 3655, 2817, 2819, 3656, 2821, 3332, 2823, 3657, 3658, 2825, 3333, 2827, 2829, 3335, 3334, 3336, 3659, 3337, 2832, 3660, 3661, 3662, 3338, 2834, 3339, 2836, 3340, 3341, 2838, 3663, 2840, 3342, 2842]"
492,"Click on ""Share"" dropdown",Left Click,1712653346.635948,09:02:26,11:02:26,3540.0,00:59:00,Firefox_Office365,Office,"[3343, 2879, 2881, 3344, 3345]"
493,Drag Zoom dialog box,Left Click,1712653351.187977,09:02:31,11:02:31,3545.0,00:59:05,Firefox_Office365,Office,"[2883, 3346, 3347, 2885, 3348, 2887, 3664, 3665, 3349, 3350, 3666, 3351, 3667, 2889, 2891, 3668, 3352, 2893, 2895, 3353, 3354, 3669, 2897, 2899, 2901, 3355, 2903, 2905, 3356, 3357, 3670, 3358, 3359, 2907, 2909, 2911, 3360, 3361, 3671, 3362, 2913, 3672, 3363, 3364, 3673, 3365, 2915, 3674, 3366, 2917, 3675, 2919, 3676, 2921, 2923, 2925, 2927, 2929, 3367, 2931, 3677, 3678, 2933, 3368, 2935, 2937, 2939, 2941, 3679, 2943, 3369, 3680, 3370, 3681, 3371]"
494,"Click on ""Share"" dropdown",Left Click,1712653385.588122,09:03:05,11:03:05,3579.0,00:59:39,Firefox_Office365,Office,"[2945, 3682, 3683, 3372, 3373]"
495,"Click on ""Share"" proposition",Left Click,1712653388.012169,09:03:08,11:03:08,3582.0,00:59:42,Firefox_Office365,Office,"[2947, 2949, 3374, 3375, 3684, 2951, 3685, 2955, 2953, 3376, 3377, 3686, 3378, 2958, 3687, 3379, 3380, 3688, 2962]"
496,"Click on ""Copy"" button",Left Click,1712653392.172144,09:03:12,11:03:12,3586.0,00:59:46,Firefox_Office365,Office,[3689]
497,"Close ""Share"" Office 365 pop-up ",Left Click,1712653393.564155,09:03:13,11:03:13,3587.0,00:59:47,Firefox_Office365,Office,"[2965, 3690, 3381, 3382]"
498,"Close ""Office 365"" tab",Left Click,1712653397.468174,09:03:17,11:03:17,3591.0,00:59:51,Firefox,WEB Browsing,"[3383, 2968, 3691]"
499,Close Firefox app,Left Click,1712653400.396301,09:03:20,11:03:20,3594.0,00:59:54,Firefox,WEB Browsing,"[2971, 3384, 3692, 3693, 3385, 2974, 2976, 3386, 2978]"
500,"Click on ""OK"" Zoom sharescreen pop-up button",Left Click,1712653405.732206,09:03:25,11:03:25,3599.0,00:59:59,Firefox,WEB Browsing,
501,Open Zoom window,Left Click,1712653407.324217,09:03:27,11:03:27,3601.0,01:00:01,Zoom,Visioconference,
502,"Click on ""Zoom"" icon",Left Click,1712653416.532245,09:03:36,11:03:36,3610.0,01:00:10,Zoom,Visioconference,
503,Click on Zoom window,Left Click,1712653419.132274,09:03:39,11:03:39,3613.0,01:00:13,Zoom,Visioconference,[2980]
504,"Click on ""Show Captions"" icon",Left Click,1712653421.524332,09:03:41,11:03:41,3615.0,01:00:15,Zoom,Visioconference,
505,"Click on ""Show Captions"" icon",Left Click,1712653422.604294,09:03:42,11:03:42,3616.0,01:00:16,Zoom,Visioconference,
506,"Click on ""Whiteborad"" icon",Left Click,1712653423.956324,09:03:43,11:03:43,3618.0,01:00:18,Zoom,Visioconference,
507,"Click on ""Zoom"" windows",Left Click,1712653425.676296,09:03:45,11:03:45,3619.0,01:00:19,Zoom,Visioconference,
508,"Click on ""Chat"" icon",Left Click,1712653427.28431,09:03:47,11:03:47,3621.0,01:00:21,Zoom,Visioconference,
509,"Click on ""Chat"" text field",Left Click,1712653428.892319,09:03:48,11:03:48,3623.0,01:00:23,Zoom,Visioconference,
510,"Send ""Chat"" message",ENTER Key,1712653430.868368,09:03:50,11:03:50,3625.0,01:00:25,Zoom,Visioconference,"[2982, 3387, 2984, 2986]"
511,"Click on ""Chat"" text field",Left Click,1712653443.452444,09:04:03,11:04:03,3637.0,01:00:37,Zoom,Visioconference,"[3388, 3389, 3694, 2988, 3390]"
512,"Click on ""Chat"" text field",Left Click,1712653486.404599,09:04:46,11:04:46,3680.0,01:01:20,Zoom,Visioconference,
513,"Send ""Chat"" message",ENTER Key,1712653488.036688,09:04:48,11:04:48,3682.0,01:01:22,Zoom,Visioconference,
514,"Click on ""Leave"" Zoom button",Left Click,1712653490.460673,09:04:50,11:04:50,3684.0,01:01:24,Zoom,Visioconference,
515,"Click on ""End meeting for all"" Zoom button",Left Click,1712653504.180734,09:05:04,11:05:04,3698.0,01:01:38,Zoom,Visioconference,
516,"Close ""Zoom cloud meetings"" app",Left Click,1712653507.316708,09:05:07,11:05:07,3701.0,01:01:41,Zoom,Visioconference,"[2990, 3391, 3392, 2992, 3393, 2993, 3394]"
517,"Close ""Zoom cloud meetings"" app",Left Click,1712653509.292723,09:05:09,11:05:09,3703.0,01:01:43,Zoom,Visioconference,
518,Minimize Thunderbird window,Left Click,1712653513.076733,09:05:13,11:05:13,3707.0,01:01:47,Thunderbird,Email,"[3695, 2995, 3395, 3396, 2997, 2999, 3696, 3397, 3001, 3697, 3700, 3699, 3698, 3701, 3003, 3005, 3398, 3007, 3009, 3702, 3399, 3703, 3704, 3400, 3011, 3401, 3402, 3705, 3403, 3404, 3706, 3707, 3013, 3405, 3407, 3406, 3408, 3708, 3409, 3410, 3015, 3411, 3709, 3710, 3412, 3413, 3711, 3017, 3712, 3713, 3714, 3414, 3715, 3019, 3023, 3021, 3025, 3027, 3415, 3716, 3029, 3416]"
519,"Click on ""Cancel"" Firefox pop-up button",Left Click,1712653517.716767,09:05:17,11:05:17,3711.0,01:01:51,Firefox,WEB Browsing,
520,Close Firefox app,Left Click,1712653519.100772,09:05:19,11:05:19,3713.0,01:01:53,Firefox,WEB Browsing,"[3031, 3417, 3717, 3718, 3418, 3419]"
521,Drag terminal window,Left Click,1712653521.004863,09:05:21,11:05:21,3715.0,01:01:55,Terminal,System,"[3420, 3421, 3422, 3033]"
522,Close terminal app,Left Click,1712653523.276883,09:05:23,11:05:23,3717.0,01:01:57,Terminal,System,"[3035, 3423]"
523,Open Firefox app,Left Click,1712653553.16496,09:05:53,11:05:53,3747.0,01:02:27,Firefox,WEB Browsing,"[3719, 3039, 3037, 3041, 3043, 3045, 3424, 3049, 3047, 3425, 3051, 3427, 3426, 3428, 3720, 3053, 3721, 3055, 3429, 3722, 3430, 3723, 3724, 3431, 3725, 3432, 3434, 3433, 3057, 3059, 3065, 3062, 3436, 3435, 3068, 3726, 3727, 3071, 3074, 3728, 3077, 3080, 3437, 3729, 3438, 3439, 3082, 3084, 3440, 3086, 3730, 3441, 3088, 3731, 3442, 3090, 3732, 3733, 3093, 3095, 3735, 3734, 3098, 3736, 3101, 3102, 3737, 3738, 3739, 3740, 3120, 3454, 3453, 3741, 3116, 3122, 3455, 3456, 3124, 3742, 3126, 3743, 3457, 3458, 3459, 3128, 3460]"
524,Click on Firefox url bar,Left Click,1712653578.221142,09:06:18,11:06:18,3772.0,01:02:52,Firefox,WEB Browsing,
525,Click on Firefox url bar,Left Click,1712653580.509227,09:06:20,11:06:20,3774.0,01:02:54,Firefox,WEB Browsing,"[3130, 3461, 3132, 3134, 3462, 3744, 3745, 3746, 3747, 3463, 3136, 3748, 3464, 3749, 3465]"
526,"Search ""info"" on Google",ENTER Key,1712653590.629213,09:06:30,11:06:30,3784.0,01:03:04,Firefox,WEB Browsing,"[3444, 3447, 3138, 3466, 3750, 3751, 3752, 3140, 3142, 3467, 3753, 3468, 3469, 3754, 3143, 3470, 3471, 3473, 3472, 3443, 3755, 3756, 3474, 3145, 3144, 3757, 3105, 3758, 3475, 3759, 3476, 3760, 3477, 3761]"
527,"Click on ""France info"" article link",Left Click,1712653594.677211,09:06:34,11:06:34,3788.0,01:03:08,Firefox,WEB Browsing,"[3762, 3146, 3763, 3765, 3764, 3147, 3766, 3148, 3767, 3478, 3768, 3149, 3479, 3769, 3150, 3770, 3480, 3771, 3772, 3151, 3152, 3154, 3153, 3155, 3481, 3773, 3482, 3452, 3777, 3778, 3156, 3483, 3450, 3484, 3157, 3485, 3108, 3158, 3486, 3779, 3780, 3159, 3781, 3782, 3487, 3110]"
528,"Click on ""Accept cookies"" button",Left Click,1712653599.085231,09:06:39,11:06:39,3793.0,01:03:13,Firefox_News website,Information,"[3488, 3783, 3489, 3784, 3449, 3785, 3160, 3490, 3161, 3162, 3445, 3164, 3163, 3786, 3491, 3787, 3165, 3492, 3493, 3788, 3494, 3166, 3118, 3774, 3167, 3789, 3495, 3790, 3496, 3497, 3168, 3169, 3498, 3170, 3171, 3451, 3791, 3499, 3792, 3500, 3172, 3793, 3794, 3501, 3795, 3446, 3796, 3502, 3504, 3503, 3505, 3506, 3797, 3174, 3507, 3798, 3173, 3508, 3175, 3176, 3177, 3112, 3509, 3800, 3799, 3510, 3178, 3179, 3801, 3511, 3512, 3802, 3803, 3180, 3513, 3181, 3182, 3114, 3514, 3804, 3515, 3516, 3775, 3805, 3183, 3184, 3517, 3185, 3806, 3807, 3808, 3186, 3776, 3809, 3187, 3188, 3518, 3519, 3520, 3521, 3810, 3811, 3812, 3522, 3189, 3813, 3190, 3814, 3191, 3192, 3523, 3524, 3815, 3193, 3525, 3526, 3194, 3527, 3195, 3196, 3197, 3528, 3529, 3198, 3530, 3816, 3199, 3817, 3200, 3818, 3819, 3201, 3531, 3532, 3820, 3821, 3202, 3203, 3823, 3822, 3204, 3824, 3533, 3205, 3206, 3825, 3448, 3826, 3534, 3207, 3208, 3827, 3535, 3536, 3209]"
529,"Open ""Wolf"" article link",Left Click,1712653623.957385,09:07:03,11:07:03,3818.0,01:03:38,Firefox_News website,Information,"[3210, 3212, 3211, 3213, 3214, 3828, 3829, 3830, 3537, 3831, 3215, 3832, 3833, 3834, 3835, 3836, 3538, 3539, 3540, 3541, 3216]"
530,"Close ""Wolf"" article pop-up ",Left Click,1712653628.989482,09:07:08,11:07:08,3823.0,01:03:43,Firefox_News website,Information,
531,"Click on ""Open a new tab"" Firefox icon",Left Click,1712653630.325459,09:07:10,11:07:10,3824.0,01:03:44,Firefox,WEB Browsing,"[3542, 3543, 3544, 3838, 3837]"
532,"Close ""France info"" tab",Wheel Click,1712653632.853525,09:07:12,11:07:12,3827.0,01:03:47,Firefox,WEB Browsing,"[3217, 3839, 3219, 3218, 3840, 3545, 3546, 3220, 3221, 3841, 3547, 3548, 3549, 3222, 3842, 3550, 3223]"
533,Open Thunderbird window,Left Click,1712653638.253489,09:07:18,11:07:18,3832.0,01:03:52,Thunderbird,Email,
534,"Click on ""Drafts"" Thunderbird menu button",Left Click,1712653646.757622,09:07:26,11:07:26,3840.0,01:04:00,Thunderbird,Email,"[3224, 3551, 3225, 3226, 3552, 3227]"
535,"Click on ""Sent"" Thunderbird menu button",Left Click,1712653647.709638,09:07:27,11:07:27,3841.0,01:04:01,Thunderbird,Email,"[3553, 3228]"
536,"Click on ""Junk"" Thunderbird menu button",Left Click,1712653648.853549,09:07:28,11:07:28,3843.0,01:04:03,Thunderbird,Email,[3229]
537,"click on ""Inbox"" Thunderbird menu button",Left Click,1712653652.677574,09:07:32,11:07:32,3846.0,01:04:06,Thunderbird,Email,"[3843, 3230]"
538,"Click on ""Trash"" Thunderbird menu button",Left Click,1712653654.141577,09:07:34,11:07:34,3848.0,01:04:08,Thunderbird,Email,
539,"Click on ""Junk"" Thunderbird menu button",Left Click,1712653656.21365,09:07:36,11:07:36,3850.0,01:04:10,Thunderbird,Email,
540,"Open mlannuzel ""Text:"" mail",Left Click,1712653657.613646,09:07:37,11:07:37,3851.0,01:04:11,Thunderbird,Email,
541,"Open  Microsoft Account ""Welcome"" mail",Left Click,1712653661.909819,09:07:41,11:07:41,3856.0,01:04:16,Thunderbird,Email,[3231]
542,"Click on ""Inbox"" Thunderbird menu button",Left Click,1712653665.653653,09:07:45,11:07:45,3859.0,01:04:19,Thunderbird,Email,
543,Minimize Thunderbird window,Left Click,1712653667.357704,09:07:47,11:07:47,3861.0,01:04:21,Thunderbird,Email,
544,Open terminal app,Left Click,1712653670.62971,09:07:50,11:07:50,3864.0,01:04:24,Terminal,System,
545,Drag terminal window,Left Click,1712653673.357781,09:07:53,11:07:53,3867.0,01:04:27,Terminal,System,
546,Click on terminal command field,Left Click,1712653673.749736,09:07:53,11:07:53,3867.0,01:04:27,Terminal,System,
547,"Run ""ip a"" command",ENTER Key,1712653675.565745,09:07:55,11:07:55,3869.0,01:04:29,Terminal,System,
548,"Run ""dhclient"" command",ENTER Key,1712653685.573847,09:08:05,11:08:05,3879.0,01:04:39,Terminal,System,
549,"Run ""sudo dhclient"" command",ENTER Key,1712653688.557873,09:08:08,11:08:08,3882.0,01:04:42,Terminal,System,
550,Validate password,ENTER Key,1712653690.821864,09:08:10,11:08:10,3885.0,01:04:45,Terminal,System,"[3554, 3232, 3844, 3845, 3846, 3555, 3847]"
551,Click on background Firefox url bar,Left Click,1712653699.533878,09:08:19,11:08:19,3893.0,01:04:53,Firefox,WEB Browsing,
552,Close Firefox app,Left Click,1712653702.285908,09:08:22,11:08:22,3896.0,01:04:56,Firefox,WEB Browsing,"[3848, 3233]"
553,Click on terminal command field,Left Click,1712653703.949982,09:08:23,11:08:23,3898.0,01:04:58,Terminal,System,
554,"Run ""ip a"" command",ENTER Key,1712653705.174071,09:08:25,11:08:25,3899.0,01:04:59,Terminal,System,[3849]
555,"Run ""reboot now"" command",ENTER Key,1712653725.9261,09:08:45,11:08:45,3920.0,01:05:20,Terminal,System,
556,"Run ""shutdown now"" command",ENTER Key,1712653729.414149,09:08:49,11:08:49,3923.0,01:05:23,Terminal,System,[3850]
557,Click on VMware app,Right Click,1712653738.078133,09:08:58,11:08:58,3932.0,01:05:32,VMWare,Other,
558,"Click on ""New Window"" proposition",Left Click,1712653742.630242,09:09:02,11:09:02,3936.0,01:05:36,VMWare,Other,
559,"Select ""Ubuntu 64-bit"" proposition",Left Click,1712653746.246184,09:09:06,11:09:06,3940.0,01:05:40,VMWare,Other,
560,"Click on ""Power on"" button",Left Click,1712653747.414207,09:09:07,11:09:07,3941.0,01:05:41,VMWare,Other,
561,"Click on ""OK"" VMware pop-up button",Left Click,1712653749.182221,09:09:09,11:09:09,3943.0,01:05:43,VMWare,Other,
562,"Click on ""OK"" VMware pop-up button",Left Click,1712653750.62224,09:09:10,11:09:10,3944.0,01:05:44,VMWare,Other,
563,"Click on ""OK"" VMware pop-up button",Left Click,1712653752.782222,09:09:12,11:09:12,3946.0,01:05:46,VMWare,Other,
564,Drag VMware window,Left Click,1712653755.646285,09:09:15,11:09:15,3949.0,01:05:49,VMWare,Other,
565,Drag VMware window,Left Click,1712653756.566252,09:09:16,11:09:16,3950.0,01:05:50,VMWare,Other,
566,"Click on ""user"" profil",Left Click,1712653780.326451,09:09:40,11:09:40,3974.0,01:06:14,Ubuntu,System,[3851]
567,"Select ""user"" profil",ENTER Key,1712653783.062547,09:09:43,11:09:43,3977.0,01:06:17,Ubuntu,System,
568,Validate password,ENTER Key,1712653785.6945,09:09:45,11:09:45,3979.0,01:06:19,Ubuntu,System,"[3234, 3235, 3556, 3852, 3853, 3854, 3236, 3237, 3856, 3855, 3238, 3239, 3857, 3240, 3557, 3241, 3242, 3858]"
569,Open terminal app,Left Click,1712653795.726532,09:09:55,11:09:55,3989.0,01:06:29,Terminal,System,
570,Drag terminal window,Left Click,1712653799.014614,09:09:59,11:09:59,3993.0,01:06:33,Terminal,System,
571,Click on terminal command field,Left Click,1712653799.566583,09:09:59,11:09:59,3993.0,01:06:33,Terminal,System,[3558]
572,"Run ""ip a"" command",ENTER Key,1712653804.326661,09:10:04,11:10:04,3998.0,01:06:38,Terminal,System,
573,"Run ""ssh router@192.168.3.254"" command",ENTER Key,1712653820.158801,09:10:20,11:10:20,4014.0,01:06:54,Terminal,System,"[3243, 3859, 3860, 3244, 3861, 3862, 3863, 3559, 3864, 3245, 3865, 3866, 3560]"
574,"Run ""ping 192.168.3.254"" command",ENTER Key,1712653835.198911,09:10:35,11:10:35,4029.0,01:07:09,Terminal,System,"[3246, 3248, 3867, 3561, 3562, 3249, 3868, 3869, 3870, 3250]"
575,Open Thunderbird app,Left Click,1712653846.998918,09:10:46,11:10:46,4041.0,01:07:21,Thunderbird,Email,"[3871, 3872, 3873, 3251, 3563, 3874, 3564, 3252, 3565, 3566, 3567, 3875, 3568, 3253, 3569, 3254, 3255, 3570, 3571]"
576,Minimize Thunderbird window,Left Click,1712653857.8951,09:10:57,11:10:57,4052.0,01:07:32,Thunderbird,Email,[3256]
577,Click on terminal window,Left Click,1712653863.671146,09:11:03,11:11:03,4057.0,01:07:37,Terminal,System,[3876]
578,"Run ""ip a"" command",ENTER Key,1712653864.735173,09:11:04,11:11:04,4058.0,01:07:38,Terminal,System,[3572]
579,"Run ""ping 192.168.3.1"" command",ENTER Key,1712653869.639192,09:11:09,11:11:09,4063.0,01:07:43,Terminal,System,[3877]
580,"Run ""ssh router@192.168.3.1"" command",ENTER Key,1712653875.407163,09:11:15,11:11:15,4069.0,01:07:49,Terminal,System,
581,"Send ""yes"" to ssh authenticity question",ENTER Key,1712653877.775256,09:11:17,11:11:17,4071.0,01:07:51,Terminal,System,
582,Validate password,ENTER Key,1712653880.871208,09:11:20,11:11:20,4075.0,01:07:55,Terminal,System,
583,Line break,ENTER Key,1712653881.791239,09:11:21,11:11:21,4075.0,01:07:55,Terminal,System,
584,Line break,ENTER Key,1712653881.967257,09:11:21,11:11:21,4076.0,01:07:56,Terminal,System,
585,Line break,ENTER Key,1712653882.151318,09:11:22,11:11:22,4076.0,01:07:56,Terminal,System,
586,"Run ""ip a"" command",ENTER Key,1712653883.831245,09:11:23,11:11:23,4078.0,01:07:58,Terminal,System,
587,"Run ""ls"" command",ENTER Key,1712653887.80729,09:11:27,11:11:27,4081.0,01:08:01,Terminal,System,
588,Line break,ENTER Key,1712653888.49533,09:11:28,11:11:28,4082.0,01:08:02,Terminal,System,[3573]
589,Line break,ENTER Key,1712653888.671298,09:11:28,11:11:28,4082.0,01:08:02,Terminal,System,
590,Line break,ENTER Key,1712653888.815272,09:11:28,11:11:28,4083.0,01:08:03,Terminal,System,"[3878, 3257, 3879]"
591,"Run ""touch hello.py"" command",ENTER Key,1712653897.687438,09:11:37,11:11:37,4091.0,01:08:11,Terminal,Development,"[3576, 3574, 3575, 3258]"
592,"run ""nano hello.py"" command",ENTER Key,1712653901.575448,09:11:41,11:11:41,4095.0,01:08:15,Terminal,Development,"[3577, 3259, 3260]"
593,Line break,ENTER Key,1712653910.559445,09:11:50,11:11:50,4104.0,01:08:24,Terminal,Development,"[3261, 3880]"
594,"Save ""hello.py"" script",ENTER Key,1712653916.87956,09:11:56,11:11:56,4111.0,01:08:31,Terminal,Development,
595,Line break,ENTER Key,1712653917.335518,09:11:57,11:11:57,4111.0,01:08:31,Terminal,Development,
596,Line break,ENTER Key,1712653917.535563,09:11:57,11:11:57,4111.0,01:08:31,Terminal,Development,
597,"Run ""python3 hello.py"" command",ENTER Key,1712653922.239515,09:12:02,11:12:02,4116.0,01:08:36,Terminal,Development,[3578]
598,"Run ""exit"" command",ENTER Key,1712653924.559616,09:12:04,11:12:04,4118.0,01:08:38,Terminal,System,[3881]
599,Close terminal app,Left Click,1712653927.951549,09:12:07,11:12:07,4122.0,01:08:42,Terminal,System,
600,Miss click,Left Click,1712653928.67961,09:12:08,11:12:08,4122.0,01:08:42,Terminal,System,
601,Click on VMware icon,Left Click,1712653936.031629,09:12:16,11:12:16,4130.0,01:08:50,VMWare,Other,
602,"Select ""router"" window proposition",Left Click,1712653936.983629,09:12:16,11:12:16,4131.0,01:08:51,VMWare,Other,
603,Click on router window,Left Click,1712653938.215694,09:12:18,11:12:18,4132.0,01:08:52,VMWare,Other,
604,Click on event window,Left Click,1712653943.311667,09:12:23,11:12:23,4137.0,01:08:57,VMWare,Other,
605,Click on event window,Left Click,1712653944.023691,09:12:24,11:12:24,4138.0,01:08:58,VMWare,Other,
606,,,,,,,,,,
607,,,,,,,,,,
